English Name,Scientific Name,BLI,GEN
Fulvous Whistling Duck,Dendrocygna bicolor,Dendrocygna bicolor,17.4
Lesser Whistling Duck,Dendrocygna javanica,Dendrocygna javanica,17.1
Bar-headed Goose,Anser indicus,Anser indicus,28.5
Greylag Goose,Anser anser,Anser anser,28.2
Comb Duck,Sarkidiornis melanotos,Sarkidiornis melanotos,12.3
Ruddy Shelduck,Tadorna ferruginea,Tadorna ferruginea,22.5
Cotton Teal,Nettapus coromandelianus,Nettapus coromandelianus,9.9
Garganey,Spatula querquedula,Spatula querquedula,10.2
Northern Shoveler,Spatula clypeata,Spatula clypeata,15
Gadwall,Mareca strepera,Mareca strepera,10.5
Eurasian Wigeon,Mareca penelope,Mareca penelope,12
Indian Spot-billed Duck,Anas poecilorhyncha,Anas poecilorhyncha,17.4
Mallard,Anas platyrhynchos,Anas platyrhynchos,14.1
Northern Pintail,Anas acuta,Anas acuta,19.2
Common Teal,Anas crecca,Anas crecca,11.1
Andaman Teal,Anas albogularis,Anas albogularis,17.1
White-winged Wood Duck,Asarcornis scutulata,Asarcornis scutulata,16.8
Red-crested Pochard,Netta rufina,Netta rufina,18.6
Common Pochard,Aythya ferina,Aythya ferina,17.1
Ferruginous Duck,Aythya nyroca,Aythya nyroca,15
Tufted Duck,Aythya fuligula,Aythya fuligula,18
Common Merganser,Mergus merganser,Mergus merganser,17.4
Nicobar Megapode,Megapodius nicobariensis,Megapodius nicobariensis,14.1
Common Hill Partridge,Arborophila torqueola,Arborophila torqueola,13.8
Chestnut-breasted Hill Partridge,Arborophila mandellii,Arborophila mandellii,14.1
Rufous-throated Hill Partridge,Arborophila rufogularis,Arborophila rufogularis,14.1
White-cheeked Hill Partridge,Arborophila atrogularis,Arborophila atrogularis,13.2
Indian Peafowl,Pavo cristatus,Pavo cristatus,26.7
Red Spurfowl,Galloperdix spadicea,Galloperdix spadicea,16.2
Painted Spurfowl,Galloperdix lunulata,Galloperdix lunulata,15.3
Rain Quail,Coturnix coromandelica,Coturnix coromandelica,9
Chukar Partridge,Alectoris chukar,Alectoris chukar,9
Himalayan Snowcock,Tetraogallus himalayensis,Tetraogallus himalayensis,15.3
Jungle Bush Quail,Perdicula asiatica,Perdicula asiatica,9.6
Rock Bush Quail,Perdicula argoondah,Perdicula argoondah,9.6
Painted Bush Quail,Perdicula erythrorhyncha,Perdicula erythrorhyncha,9.6
Manipur Bush Quail,Perdicula manipurensis,Perdicula manipurensis,9.9
Himalayan Quail,Ophrysia superciliosa,Ophrysia superciliosa,10.5
Black Francolin,Francolinus francolinus,Francolinus francolinus,7.8
Painted Francolin,Francolinus pictus,Francolinus pictus,9.6
Grey Francolin,Francolinus pondicerianus,Francolinus pondicerianus,7.2
Swamp Francolin,Francolinus gularis,Francolinus gularis,14.1
Mountain Bamboo Partridge,Bambusicola fytchii,Bambusicola fytchii,14.1
Red Junglefowl,Gallus gallus,Gallus gallus,10.8
Grey Junglefowl,Gallus sonneratii,Gallus sonneratii,13.8
Blood Pheasant,Ithaginis cruentus,Ithaginis cruentus,16.2
Himalayan Monal,Lophophorus impejanus,Lophophorus impejanus,19.2
Sclater's Monal,Lophophorus sclateri,Lophophorus sclateri,19.2
Snow Partridge,Lerwa lerwa,Lerwa lerwa,16.8
Western Tragopan,Tragopan melanocephalus,Tragopan melanocephalus,15.6
Satyr Tragopan,Tragopan satyra,Tragopan satyra,18.6
Blyth's Tragopan,Tragopan blythii,Tragopan blythii,19.2
Cheer Pheasant,Catreus wallichii,Catreus wallichii,13.2
Kalij Pheasant,Lophura leucomelanos,Lophura leucomelanos,14.7
Koklass Pheasant,Pucrasia macrolopha,Pucrasia macrolopha,13.2
Greater Flamingo,Phoenicopterus roseus,Phoenicopterus roseus,48.9
Lesser Flamingo,Phoeniconaias minor,Phoeniconaias minor,38.7
Little Grebe,Tachybaptus ruficollis,Tachybaptus ruficollis,14.7
Great Crested Grebe,Podiceps cristatus,Podiceps cristatus,17.4
Rock Pigeon,Columba livia,Columba livia,14.4
Hill Pigeon,Columba rupestris,Columba rupestris,12.6
Snow Pigeon,Columba leuconota,Columba leuconota,12.6
Yellow-eyed Pigeon,Columba eversmanni,Columba eversmanni,9.3
Speckled Wood Pigeon,Columba hodgsonii,Columba hodgsonii,12.6
Ashy Wood Pigeon,Columba pulchricollis,Columba pulchricollis,12.6
Nilgiri Wood Pigeon,Columba elphinstonii,Columba elphinstonii,12.6
Pale-capped Pigeon,Columba punicea,Columba punicea,13.8
Andaman Wood Pigeon,Columba palumboides,Columba palumboides,13.2
Oriental Turtle Dove,Streptopelia orientalis,Streptopelia orientalis,15
Eurasian Collared Dove,Streptopelia decaocto,Streptopelia decaocto,13.8
Red Collared Dove,Streptopelia tranquebarica,Streptopelia tranquebarica,12.6
Spotted Dove,Streptopelia chinensis,Spilopelia suratensis,7.8
Laughing Dove,Streptopelia senegalensis,Spilopelia senegalensis,9.9
Barred Cuckoo Dove,Macropygia unchall,Macropygia unchall,14.1
Andaman Cuckoo Dove,Macropygia rufipennis,Macropygia rufipennis,15.6
Asian Emerald Dove,Chalcophaps indica,Chalcophaps indica,15.3
Orange-breasted Green Pigeon,Treron bicinctus,Treron bicinctus,11.4
Grey-fronted Green Pigeon,Treron affinis,Treron affinis,6.3
Andaman Green Pigeon,Treron chloropterus,Treron chloropterus,6.3
Yellow-legged Green Pigeon,Treron phoenicopterus,Treron phoenicopterus,11.4
Pin-tailed Green Pigeon,Treron apicauda,Treron apicauda,11.4
Wedge-tailed Green Pigeon,Treron sphenurus,Treron sphenurus,11.4
Green Imperial-Pigeon,Ducula aenea,Ducula aenea,21.3
Nicobar Imperial-Pigeon,Ducula nicobarica,Ducula aenea,21.3
Mountain Imperial Pigeon,Ducula badia,Ducula badia,21.9
Tibetan Sandgrouse,Syrrhaptes tibetanus,Syrrhaptes tibetanus,13.2
Chestnut-bellied Sandgrouse,Pterocles exustus,Pterocles exustus,11.7
Painted Sandgrouse,Pterocles indicus,Pterocles indicus,11.7
Great Indian Bustard,Ardeotis nigriceps,Ardeotis nigriceps,36.6
Bengal Florican,Houbaropsis bengalensis,Houbaropsis bengalensis,28.2
Lesser Florican,Sypheotides indicus,Sypheotides indicus,18
Andaman Coucal,Centropus andamanensis,Centropus andamanensis,12.9
Greater Coucal,Centropus sinensis,Centropus sinensis,13.5
Lesser Coucal,Centropus bengalensis,Centropus bengalensis,11.7
Sirkeer Malkoha,Taccocua leschenaultii,Taccocua leschenaultii,15.3
Blue-faced Malkoha,Phaenicophaeus viridirostris,Phaenicophaeus viridirostris,13.8
Green-billed Malkoha,Phaenicophaeus tristis,Phaenicophaeus tristis,13.8
Pied Cuckoo,Clamator jacobinus,Clamator jacobinus,5.7
Asian Koel,Eudynamys scolopaceus,Eudynamys scolopaceus,14.4
Banded Bay Cuckoo,Cacomantis sonneratii,Cacomantis sonneratii,12.6
Plaintive Cuckoo,Cacomantis merulinus,Cacomantis merulinus,9.6
Grey-bellied Cuckoo,Cacomantis passerinus,Cacomantis passerinus,9.6
Fork-tailed Drongo Cuckoo,Surniculus dicruroides,Surniculus dicruroides,7.5
Square-tailed Drongo Cuckoo,Surniculus lugubris,Surniculus lugubris,12.6
Large Hawk Cuckoo,Hierococcyx sparverioides,Hierococcyx sparverioides,15.9
Common Hawk Cuckoo,Hierococcyx varius,Hierococcyx varius,14.7
Lesser Cuckoo,Cuculus poliocephalus,Cuculus poliocephalus,9.9
Indian Cuckoo,Cuculus micropterus,Cuculus micropterus,11.1
Himalayan Cuckoo,Cuculus saturatus,Cuculus saturatus,11.4
Common Cuckoo,Cuculus canorus,Cuculus canorus,11.7
White-rumped Spinetail,Zoonavena sylvatica,Zoonavena sylvatica,6.9
Brown-backed Needletail,Hirundapus giganteus,Hirundapus giganteus,12
Glossy Swiftlet,Collocalia esculenta,Collocalia esculenta,12.3
Indian Swiftlet,Aerodramus unicolor,Aerodramus unicolor,8.4
Himalayan Swiftlet,Aerodramus brevirostris,Aerodramus brevirostris,7.8
Alpine Swift,Tachymarptis melba,Tachymarptis melba,21.9
Blyth's Swift,Apus leuconyx,Apus pacificus,14.1
Dark-rumped Swift,Apus acuticauda,Apus acuticauda,12
Indian House Swift,Apus affinis,Apus affinis,11.4
Asian Palm Swift,Cypsiurus balasiensis,Cypsiurus balasiensis,7.5
Crested Treeswift,Hemiprocne coronata,Hemiprocne coronata,9.9
Slaty-breasted Rail,Lewinia striata,Lewinia striata,9.6
Common Moorhen,Gallinula chloropus,Gallinula chloropus,12.6
Common Coot,Fulica atra,Fulica atra,15.9
Purple Swamphen,Porphyrio porphyrio,Porphyrio porphyrio,12.6
Watercock,Gallicrex cinerea,Gallicrex cinerea,12
White-breasted Waterhen,Amaurornis phoenicurus,Amaurornis phoenicurus,10.5
Andaman Crake,Rallina canningi,Rallina canningi,11.1
Slaty-legged Crake,Rallina eurizonoides,Rallina eurizonoides,7.2
Ruddy-breasted Crake,Zapornia fusca,Zapornia fusca,7.2
Brown Crake,Zapornia akool,Zapornia akool,7.8
Baillon's Crake,Zapornia pusilla,Zapornia pusilla,6.3
Black-tailed Crake,Zapornia bicolor,Zapornia bicolor,7.5
Demoiselle Crane,Grus virgo,Anthropoides virgo,34.2
Sarus Crane,Antigone antigone,Antigone antigone,59.7
Common Crane,Grus grus,Grus grus,50.7
Black-necked Crane,Grus nigricollis,Grus nigricollis,39.3
Indian Thick-knee,Burhinus indicus,Burhinus indicus,19.8
Great Thick-knee,Esacus recurvirostris,Esacus recurvirostris,24.3
Black-winged Stilt,Himantopus himantopus,Himantopus himantopus,20.1
Pied Avocet,Recurvirostra avosetta,Recurvirostra avosetta,20.1
Eurasian Oystercatcher,Haematopus ostralegus,Haematopus ostralegus,37.8
Grey Plover,Pluvialis squatarola,Pluvialis squatarola,22.8
Pacific Golden Plover,Pluvialis fulva,Pluvialis fulva,13.8
Northern Lapwing,Vanellus vanellus,Vanellus vanellus,18
River Lapwing,Vanellus duvaucelii,Vanellus duvaucelii,11.1
Yellow-wattled Lapwing,Vanellus malabaricus,Vanellus malabaricus,16.2
Grey-headed Lapwing,Vanellus cinereus,Vanellus cinereus,15.3
Red-wattled Lapwing,Vanellus indicus,Vanellus indicus,14.7
Sociable Lapwing,Vanellus gregarius,Vanellus gregarius,15.3
White-tailed Lapwing,Vanellus leucurus,Vanellus leucurus,14.7
Lesser Sand Plover,Charadrius mongolus,Charadrius mongolus,12.3
Greater Sand Plover,Charadrius leschenaultii,Charadrius leschenaultii,16.8
Kentish Plover,Charadrius alexandrinus,Charadrius alexandrinus,12.6
Little Ringed Plover,Charadrius dubius,Charadrius dubius,10.5
Greater Painted-snipe,Rostratula benghalensis,Rostratula benghalensis,12
Pheasant-tailed Jacana,Hydrophasianus chirurgus,Hydrophasianus chirurgus,9.9
Bronze-winged Jacana,Metopidius indicus,Metopidius indicus,11.1
Whimbrel,Numenius phaeopus,Numenius phaeopus,20.7
Eurasian Curlew,Numenius arquata,Numenius arquata,28.2
Bar-tailed Godwit,Limosa lapponica,Limosa lapponica,27.3
Black-tailed Godwit,Limosa limosa,Limosa limosa,22.5
Ruddy Turnstone,Arenaria interpres,Arenaria interpres,18
Great Knot,Calidris tenuirostris,Calidris tenuirostris,21.9
Ruff,Calidris pugnax,Calidris pugnax,19.5
Broad-billed Sandpiper,Calidris falcinellus,Calidris falcinellus,11.7
Curlew Sandpiper,Calidris ferruginea,Calidris ferruginea,15.6
Temminck's Stint,Calidris temminckii,Calidris temminckii,11.1
Sanderling,Calidris alba,Calidris alba,19.2
Dunlin,Calidris alpina,Calidris alpina,20.4
Little Stint,Calidris minuta,Calidris minuta,12.9
Common Snipe,Gallinago gallinago,Gallinago gallinago,12.3
Pintail Snipe,Gallinago stenura,Gallinago stenura,9.9
Terek Sandpiper,Xenus cinereus,Xenus cinereus,14.1
Common Sandpiper,Actitis hypoleucos,Actitis hypoleucos,13.2
Green Sandpiper,Tringa ochropus,Tringa ochropus,15
Spotted Redshank,Tringa erythropus,Tringa erythropus,13.8
Common Greenshank,Tringa nebularia,Tringa nebularia,18.9
Marsh Sandpiper,Tringa stagnatilis,Tringa stagnatilis,11.7
Wood Sandpiper,Tringa glareola,Tringa glareola,9.9
Common Redshank,Tringa totanus,Tringa totanus,17.1
Yellow-legged Buttonquail,Turnix tanki,Turnix tanki,7.2
Barred Buttonquail,Turnix suscitator,Turnix suscitator,7.2
Indian Courser,Cursorius coromandelicus,Cursorius coromandelicus,11.1
Jerdon's Courser,Rhinoptilus bitorquatus,Rhinoptilus bitorquatus,15
Oriental Pratincole,Glareola maldivarum,Glareola maldivarum,11.4
Little Pratincole,Glareola lactea,Glareola lactea,10.2
Slender-billed Gull,Chroicocephalus genei,Larus genei,28.2
Black-headed Gull,Chroicocephalus ridibundus,Larus ridibundus,28.2
Brown-headed Gull,Chroicocephalus brunnicephalus,Larus brunnicephalus,24.3
Pallas's Gull,Ichthyaetus ichthyaetus,Larus ichthyaetus,38.4
Lesser Black-backed Gull,Larus fuscus,Larus fuscus,37.8
Little Tern,Sternula albifrons,Sternula albifrons,28.8
Gull-billed Tern,Gelochelidon nilotica,Gelochelidon nilotica,28.8
Caspian Tern,Hydroprogne caspia,Hydroprogne caspia,29.1
Whiskered Tern,Chlidonias hybrida,Chlidonias hybrida,15.9
Common Tern,Sterna hirundo,Sterna hirundo,30
Black-bellied Tern,Sterna acuticauda,Sterna acuticauda,20.7
River Tern,Sterna aurantia,Sterna aurantia,23.4
Greater Crested Tern,Thalasseus bergii,Thalasseus bergii,37.2
Lesser Crested Tern,Thalasseus bengalensis,Thalasseus bengalensis,27.3
Indian Skimmer,Rynchops albicollis,Rynchops albicollis,15.9
Asian Openbill,Anastomus oscitans,Anastomus oscitans,18.3
Black Stork,Ciconia nigra,Ciconia nigra,36.9
Woolly-necked Stork,Ciconia episcopus,Ciconia episcopus,27.6
Black-necked Stork,Ephippiorhynchus asiaticus,Ephippiorhynchus asiaticus,32.1
Lesser Adjutant,Leptoptilos javanicus,Leptoptilos javanicus,34.5
Greater Adjutant,Leptoptilos dubius,Leptoptilos dubius,37.8
Painted Stork,Mycteria leucocephala,Mycteria leucocephala,30
Oriental Darter,Anhinga melanogaster,Anhinga melanogaster,21.3
Little Cormorant,Microcarbo niger,Microcarbo niger,13.2
Great Cormorant,Phalacrocorax carbo,Phalacrocorax carbo,22.8
Indian Cormorant,Phalacrocorax fuscicollis,Phalacrocorax fuscicollis,14.7
Great White Pelican,Pelecanus onocrotalus,Pelecanus onocrotalus,37.5
Spot-billed Pelican,Pelecanus philippensis,Pelecanus philippensis,27.6
Dalmatian Pelican,Pelecanus crispus,Pelecanus crispus,33.6
Yellow Bittern,Ixobrychus sinensis,Ixobrychus sinensis,10.5
Cinnamon Bittern,Ixobrychus cinnamomeus,Ixobrychus cinnamomeus,11.7
Black Bittern,Ixobrychus flavicollis,Ixobrychus flavicollis,16.8
Grey Heron,Ardea cinerea,Ardea cinerea,25.5
White-bellied Heron,Ardea insignis,Ardea insignis,18
Purple Heron,Ardea purpurea,Ardea purpurea,18.3
Great Egret,Ardea alba,Ardea alba,17.4
Intermediate Egret,Ardea intermedia,Ardea intermedia,16.2
Little Egret,Egretta garzetta,Egretta garzetta,14.4
Western Reef Egret,Egretta gularis,Egretta gularis,14.4
Cattle Egret,Bubulcus ibis,Bubulcus ibis,20.4
Indian Pond Heron,Ardeola grayii,Ardeola grayii,16.5
Striated Heron,Butorides striata,Butorides striata,12.6
Black-crowned Night Heron,Nycticorax nycticorax,Nycticorax nycticorax,24.6
Malayan Night Heron,Gorsachius melanolophus,Gorsachius melanolophus,14.1
Glossy Ibis,Plegadis falcinellus,Plegadis falcinellus,30.9
Black-headed Ibis,Threskiornis melanocephalus,Threskiornis melanocephalus,27
Indian Black Ibis,Pseudibis papillosa,Pseudibis papillosa,27
Eurasian Spoonbill,Platalea leucorodia,Platalea leucorodia,28.8
Osprey,Pandion haliaetus,Pandion haliaetus,28.2
Black-winged Kite,Elanus caeruleus,Elanus caeruleus,13.5
Bearded Vulture,Gypaetus barbatus,Gypaetus barbatus,47.1
Egyptian Vulture,Neophron percnopterus,Neophron percnopterus,44.1
Oriental Honey Buzzard,Pernis ptilorhynchus,Pernis ptilorhynchus,26.1
Jerdon's Baza,Aviceda jerdoni,Aviceda jerdoni,17.4
Black Baza,Aviceda leuphotes,Aviceda leuphotes,14.4
Red-headed Vulture,Sarcogyps calvus,Sarcogyps calvus,38.4
Cinereous Vulture,Aegypius monachus,Aegypius monachus,43.2
White-rumped Vulture,Gyps bengalensis,Gyps bengalensis,34.5
Indian Vulture,Gyps indicus,Gyps indicus,36.3
Slender-billed Vulture,Gyps tenuirostris,Gyps tenuirostris,36.3
Himalayan Vulture,Gyps himalayensis,Gyps himalayensis,40.5
Griffon Vulture,Gyps fulvus,Gyps fulvus,50.1
Nicobar Serpent Eagle,Spilornis klossi,Spilornis klossi,24.9
Crested Serpent Eagle,Spilornis cheela,Spilornis cheela,22.5
Andaman Serpent Eagle,Spilornis elgini,Spilornis elgini,24
Short-toed Snake Eagle,Circaetus gallicus,Circaetus gallicus,27.3
Changeable Hawk Eagle,Nisaetus cirrhatus,Nisaetus cirrhatus,26.7
Mountain Hawk-Eagle,Nisaetus nipalensis,Nisaetus nipalensis,31.5
Legge's Hawk-Eagle,Nisaetus kelaarti,Nisaetus nipalensis,31.5
Rufous-bellied Eagle,Lophotriorchis kienerii,Lophotriorchis kienerii,24
Black Eagle,Ictinaetus malaiensis,Ictinaetus malaiensis,25.2
Indian Spotted Eagle,Clanga hastata,Clanga hastata,28.8
Greater Spotted Eagle,Clanga clanga,Clanga clanga,27.9
Booted Eagle,Hieraaetus pennatus,Hieraaetus pennatus,16.8
Tawny Eagle,Aquila rapax,Aquila rapax,45
Steppe Eagle,Aquila nipalensis,Aquila nipalensis,45.9
Eastern Imperial Eagle,Aquila heliaca,Aquila heliaca,59.4
Golden Eagle,Aquila chrysaetos,Aquila chrysaetos,48.9
Bonelli's Eagle,Aquila fasciata,Aquila fasciata,40.2
White-eyed Buzzard,Butastur teesa,Butastur teesa,14.7
Western Marsh Harrier,Circus aeruginosus,Circus aeruginosus,20.4
Pallid Harrier,Circus macrourus,Circus macrourus,15.3
Montagu's Harrier,Circus pygargus,Circus pygargus,15.3
Crested Goshawk,Accipiter trivirgatus,Accipiter trivirgatus,17.4
Shikra,Accipiter badius,Accipiter badius,13.5
Nicobar Sparrowhawk,Accipiter butleri,Accipiter butleri,15.3
Besra,Accipiter virgatus,Accipiter virgatus,12.9
Eurasian Sparrowhawk,Accipiter nisus,Accipiter nisus,15.6
Black Kite,Milvus migrans,Milvus migrans,26.1
Brahminy Kite,Haliastur indus,Haliastur indus,21.3
Pallas's Fish Eagle,Haliaeetus leucoryphus,Haliaeetus leucoryphus,34.2
White-bellied Sea Eagle,Haliaeetus leucogaster,Haliaeetus leucogaster,33.9
Lesser Fish Eagle,Icthyophaga humilis,Icthyophaga humilis,21
Grey-headed Fish Eagle,Icthyophaga ichthyaetus,Icthyophaga ichthyaetus,28.2
Common Buzzard,Buteo buteo,Buteo buteo,28.2
Himalayan Buzzard,Buteo refectus,Buteo refectus,21.3
Long-legged Buzzard,Buteo rufinus,Buteo rufinus,20.7
Dusky Eagle Owl,Bubo coromandus,Bubo coromandus,25.8
Brown Fish Owl,Ketupa zeylonensis,Ketupa zeylonensis,23.7
Collared Owlet,Glaucidium brodiei,Glaucidium brodiei,6.9
Asian Barred Owlet,Glaucidium cuculoides,Glaucidium cuculoides,9.3
Jungle Owlet,Glaucidium radiatum,Glaucidium radiatum,9.3
Forest Owlet,Heteroglaux blewitti,Heteroglaux blewitti,13.5
Short-eared Owl,Asio flammeus,Asio flammeus,14.4
Malabar Trogon,Harpactes fasciatus,Harpactes fasciatus,9.9
Red-headed Trogon,Harpactes erythrocephalus,Harpactes erythrocephalus,13.2
Ward's Trogon,Harpactes wardi,Harpactes wardi,13.8
Common Hoopoe,Upupa epops,Upupa epops,8.4
Great Hornbill,Buceros bicornis,Buceros bicornis,54.9
Austen's Brown Hornbill,Anorrhinus austeni,Anorrhinus austeni,17.7
Indian Grey Hornbill,Ocyceros birostris,Ocyceros birostris,17.4
Malabar Grey Hornbill,Ocyceros griseus,Ocyceros griseus,16.5
Malabar Pied Hornbill,Anthracoceros coronatus,Anthracoceros coronatus,16.5
Oriental Pied Hornbill,Anthracoceros albirostris,Anthracoceros albirostris,18.3
Rufous-necked Hornbill,Aceros nipalensis,Aceros nipalensis,28.2
Wreathed Hornbill,Rhyticeros undulatus,Rhyticeros undulatus,26.1
Narcondam Hornbill,Rhyticeros narcondami,Rhyticeros narcondami,21.6
Common Kingfisher,Alcedo atthis,Alcedo atthis,13.8
Blue-eared Kingfisher,Alcedo meninting,Alcedo meninting,10.5
Oriental Dwarf Kingfisher,Ceyx erithaca,Ceyx erithaca,6
Stork-billed Kingfisher,Pelargopsis capensis,Pelargopsis capensis,14.7
White-throated Kingfisher,Halcyon smyrnensis,Halcyon smyrnensis,12.9
Black-capped Kingfisher,Halcyon pileata,Halcyon pileata,10.8
Collared Kingfisher,Todiramphus chloris,Todiramphus chloris,12.6
Crested Kingfisher,Megaceryle lugubris,Megaceryle lugubris,11.7
Pied Kingfisher,Ceryle rudis,Ceryle rudis,9.9
Blue-bearded Bee-eater,Nyctyornis athertoni,Nyctyornis athertoni,9.3
Green Bee-eater,Merops orientalis,Merops orientalis,6.6
Blue-cheeked Bee-eater,Merops persicus,Merops persicus,9
Blue-tailed Bee-eater,Merops philippinus,Merops philippinus,7.5
Chestnut-headed Bee-eater,Merops leschenaulti,Merops leschenaulti,8.7
European Roller,Coracias garrulus,Coracias garrulus,12
Indian Roller,Coracias benghalensis,Coracias benghalensis,13.5
Dollarbird,Eurystomus orientalis,Eurystomus orientalis,12.3
Malabar Barbet,Psilopogon malabaricus,Psilopogon malabaricus,9.6
Coppersmith Barbet,Psilopogon haemacephalus,Psilopogon haemacephalus,9.6
Blue-eared Barbet,Psilopogon duvaucelii,Psilopogon cyanotis,9
Great Barbet,Psilopogon virens,Psilopogon virens,14.1
Lineated Barbet,Psilopogon lineatus,Psilopogon lineatus,13.5
Brown-headed Barbet,Psilopogon zeylanicus,Psilopogon zeylanicus,12.9
White-cheeked Barbet,Psilopogon viridis,Psilopogon viridis,12.6
Golden-throated Barbet,Psilopogon franklinii,Psilopogon franklinii,9.6
Blue-throated Barbet,Psilopogon asiaticus,Psilopogon asiaticus,10.2
Yellow-rumped Honeyguide,Indicator xanthonotus,Indicator xanthonotus,8.4
Eurasian Wryneck,Jynx torquilla,Jynx torquilla,6.3
Speckled Piculet,Picumnus innominatus,Picumnus innominatus,7.2
White-browed Piculet,Sasia ochracea,Sasia ochracea,6.9
Heart-spotted Woodpecker,Hemicircus canente,Hemicircus canente,9.6
Brown-capped Pygmy Woodpecker,Dendrocopos nanus,Picoides nanus,8.1
Grey-capped Pygmy Woodpecker,Dendrocopos canicapillus,Picoides canicapillus,7.2
Yellow-fronted Pied Woodpecker,Leiopicus mahrattensis,Leiopicus mahrattensis,8.1
Brown-fronted Pied Woodpecker,Dendrocopos auriceps,Leiopicus auriceps,7.5
Rufous-bellied Woodpecker,Dendrocopos hyperythrus,Dendrocopos hyperythrus,8.4
Fulvous-breasted Pied Woodpecker,Dendrocopos macei,Dendrocopos macei,8.4
Darjeeling Pied Woodpecker,Dendrocopos darjellensis,Dendrocopos darjellensis,9.3
Himalayan Pied Woodpecker,Dendrocopos himalayensis,Dendrocopos himalayensis,9
Bay Woodpecker,Blythipicus pyrrhotis,Blythipicus pyrrhotis,14.7
Greater Golden-backed Woodpecker,Chrysocolaptes guttacristatus,Chrysocolaptes guttacristatus,9
White-naped Woodpecker,Chrysocolaptes festivus,Chrysocolaptes festivus,16.5
Rufous Woodpecker,Micropternus brachyurus,Micropternus brachyurus,13.5
Pale-headed Woodpecker,Gecinulus grantia,Gecinulus grantia,12.9
Himalayan Golden-backed Woodpecker,Dinopium shorii,Dinopium shorii,13.8
Common Golden-backed Woodpecker,Dinopium javanense,Dinopium javanense,12.9
Lesser Golden-backed Woodpecker,Dinopium benghalense,Dinopium benghalense,13.8
Lesser Yellow-naped Woodpecker,Picus chlorolophus,Picus chlorolophus,9.3
Streak-throated Woodpecker,Picus xanthopygaeus,Picus xanthopygaeus,9.3
Scaly-bellied Woodpecker,Picus squamatus,Picus squamatus,9.3
Grey-headed Woodpecker,Picus canus,Picus guerini,7.5
Greater Yellow-naped Woodpecker,Chrysophlegma flavinucha,Chrysophlegma flavinucha,18.9
Great Slaty Woodpecker,Mulleripicus pulverulentus,Mulleripicus pulverulentus,17.1
White-bellied Woodpecker,Dryocopus javensis,Dryocopus javensis,12.6
Andaman Woodpecker,Dryocopus hodgei,Dryocopus hodgei,12.6
Collared Falconet,Microhierax caerulescens,Microhierax caerulescens,7.8
Common Kestrel,Falco tinnunculus,Falco tinnunculus,13.2
Red-necked Falcon,Falco chicquera,Falco chicquera,9
Amur Falcon,Falco amurensis,Falco amurensis,8.4
Eurasian Hobby,Falco subbuteo,Falco subbuteo,14.1
Laggar Falcon,Falco jugger,Falco jugger,14.1
Peregrine Falcon,Falco peregrinus,Falco peregrinus,17.4
Alexandrine Parakeet,Psittacula eupatria,Psittacula eupatria,27
Rose-ringed Parakeet,Psittacula krameri,Psittacula krameri,29.7
Slaty-headed Parakeet,Psittacula himalayana,Psittacula himalayana,20.7
Plum-headed Parakeet,Psittacula cyanocephala,Psittacula cyanocephala,19.5
Malabar Parakeet,Psittacula columboides,Psittacula columboides,18
Red-breasted Parakeet,Psittacula alexandri,Psittacula alexandri,22.2
Nicobar Parakeet,Psittacula caniceps,Psittacula caniceps,22.8
Long-tailed Parakeet,Psittacula longicauda,Psittacula longicauda,21
Vernal Hanging Parrot,Loriculus vernalis,Loriculus vernalis,11.4
Long-tailed Broadbill,Psarisomus dalhousiae,Psarisomus dalhousiae,8.4
Blue-naped Pitta,Hydrornis nipalensis,Hydrornis nipalensis,12.9
Indian Pitta,Pitta brachyura,Pitta brachyura,7.8
Malabar Woodshrike,Tephrodornis sylvicola,Tephrodornis sylvicola,10.8
Large Woodshrike,Tephrodornis virgatus,Tephrodornis virgatus,10.8
Common Woodshrike,Tephrodornis pondicerianus,Tephrodornis pondicerianus,7.8
Bar-winged Flycatcher-shrike,Hemipus picatus,Hemipus picatus,7.2
Ashy Woodswallow,Artamus fuscus,Artamus fuscus,11.4
Common Iora,Aegithina tiphia,Aegithina tiphia,7.2
Marshall's Iora,Aegithina nigrolutea,Aegithina nigrolutea,7.8
White-bellied Minivet,Pericrocotus erythropygius,Pericrocotus erythropygius,7.2
Small Minivet,Pericrocotus cinnamomeus,Pericrocotus cinnamomeus,6.9
Short-billed Minivet,Pericrocotus brevirostris,Pericrocotus brevirostris,7.2
Long-tailed Minivet,Pericrocotus ethologus,Pericrocotus ethologus,7.2
Orange Minivet,Pericrocotus flammeus,Pericrocotus flammeus,8.7
Scarlet Minivet,Pericrocotus speciosus,Pericrocotus flammeus,8.7
Large Cuckooshrike,Coracina javensis,Coracina javensis,12.9
Andaman Cuckooshrike,Coracina dobsoni,Coracina dobsoni,7.2
Black-winged Cuckooshrike,Lalage melaschistos,Lalage melaschistos,8.4
Black-headed Cuckooshrike,Lalage melanoptera,Lalage melanoptera,8.4
Isabelline Shrike,Lanius isabellinus,Lanius isabellinus,5.7
Brown Shrike,Lanius cristatus,Lanius cristatus,6
Bay-backed Shrike,Lanius vittatus,Lanius vittatus,6
Long-tailed Shrike,Lanius schach,Lanius schach,7.8
Grey-backed Shrike,Lanius tephronotus,Lanius tephronotus,7.2
Great Grey Shrike,Lanius excubitor,Lanius excubitor,5.7
Black-headed Shrike-babbler,Pteruthius rufiventer,Pteruthius rufiventer,9
Himalayan Shrike-babbler,Pteruthius ripleyi,Pteruthius rufiventer,9
Green Shrike-babbler,Pteruthius xanthochlorus,Pteruthius xanthochlorus,7.2
White-bellied Erpornis,Erpornis zantholeuca,Erpornis zantholeuca,7.8
Indian Golden Oriole,Oriolus kundoo,Oriolus kundoo,8.1
Black-naped Oriole,Oriolus chinensis,Oriolus chinensis,11.1
Black-hooded Oriole,Oriolus xanthornus,Oriolus xanthornus,11.1
Maroon Oriole,Oriolus traillii,Oriolus traillii,10.5
Black Drongo,Dicrurus macrocercus,Dicrurus macrocercus,8.1
Ashy Drongo,Dicrurus leucophaeus,Dicrurus leucophaeus,7.5
White-bellied Drongo,Dicrurus caerulescens,Dicrurus caerulescens,8.7
Bronzed Drongo,Dicrurus aeneus,Dicrurus aeneus,7.5
Lesser Racket-tailed Drongo,Dicrurus remifer,Dicrurus remifer,8.4
Hair-crested Drongo,Dicrurus hottentottus,Dicrurus hottentottus,8.7
Andaman Drongo,Dicrurus andamanensis,Dicrurus andamanensis,8.7
Greater Racket-tailed Drongo,Dicrurus paradiseus,Dicrurus paradiseus,9
White-throated Fantail,Rhipidura albicollis,Rhipidura albicollis,7.2
White-spotted Fantail,Rhipidura albogularis,Rhipidura albogularis,7.2
White-browed Fantail,Rhipidura aureola,Rhipidura aureola,7.5
Black-naped Monarch,Hypothymis azurea,Hypothymis azurea,7.2
Indian Paradise-flycatcher,Terpsiphone paradisi,Terpsiphone paradisi,7.8
Eurasian Jay,Garrulus glandarius,Garrulus glandarius,14.1
Black-headed Jay,Garrulus lanceolatus,Garrulus lanceolatus,13.8
Yellow-billed Blue Magpie,Urocissa flavirostris,Urocissa flavirostris,13.2
Red-billed Blue Magpie,Urocissa erythroryncha,Urocissa erythroryncha,12.9
Common Green Magpie,Cissa chinensis,Cissa chinensis,9.9
Rufous Treepie,Dendrocitta vagabunda,Dendrocitta vagabunda,9.9
Grey Treepie,Dendrocitta formosae,Dendrocitta formosae,13.2
White-bellied Treepie,Dendrocitta leucogastra,Dendrocitta leucogastra,13.2
Collared Treepie,Dendrocitta frontalis,Dendrocitta frontalis,13.2
Andaman Treepie,Dendrocitta bayleii,Dendrocitta bayleii,13.8
Large-spotted Nutcracker,Nucifraga multipunctata,Nucifraga multipunctata,11.7
Red-billed Chough,Pyrrhocorax pyrrhocorax,Pyrrhocorax pyrrhocorax,24.6
Yellow-billed Chough,Pyrrhocorax graculus,Pyrrhocorax graculus,22.8
House Crow,Corvus splendens,Corvus splendens,14.1
Large-billed Crow,Corvus macrorhynchos,Corvus macrorhynchos,19.2
Common Raven,Corvus corax,Corvus corax,27
Rufous-tailed Lark,Ammomanes phoenicura,Ammomanes phoenicura,8.7
Ashy-crowned Sparrow Lark,Eremopterix griseus,Eremopterix griseus,8.4
Singing Bushlark,Mirafra cantillans,Mirafra javanica,8.1
Bengal Bushlark,Mirafra assamica,Mirafra assamica,8.4
Jerdon's Bushlark,Mirafra affinis,Mirafra affinis,8.7
Indian Bushlark,Mirafra erythroptera,Mirafra erythroptera,8.4
Greater Short-toed Lark,Calandrella brachydactyla,Calandrella brachydactyla,7.8
Sykes's Short-toed Lark,Calandrella dukhunensis,Calandrella dukhunensis,7.8
Sand Lark,Alaudala raytal,Alaudala raytal,9.6
Oriental Skylark,Alauda gulgula,Alauda gulgula,8.7
Crested Lark,Galerida cristata,Galerida cristata,9.6
Malabar Lark,Galerida malabarica,Galerida malabarica,9.6
Sykes's Lark,Galerida deva,Galerida deva,8.1
Grey-throated Martin,Riparia chinensis,Riparia chinensis,6.3
Eurasian Crag Martin,Ptyonoprogne rupestris,Ptyonoprogne rupestris,7.8
Dusky Crag Martin,Ptyonoprogne concolor,Ptyonoprogne concolor,7.5
Barn Swallow,Hirundo rustica,Hirundo rustica,8.7
Wire-tailed Swallow,Hirundo smithii,Hirundo smithii,7.8
Hill Swallow,Hirundo domicola,Hirundo rustica,8.7
Red-rumped Swallow,Cecropis daurica,Cecropis daurica,6
Streak-throated Swallow,Petrochelidon fluvicola,Petrochelidon fluvicola,6.3
Nepal House Martin,Delichon nipalense,Delichon nipalense,8.4
Yellow-bellied Fairy-fantail,Chelidorhynx hypoxanthus,Chelidorhynx hypoxanthus,7.2
Grey-headed Canary-flycatcher,Culicicapa ceylonensis,Culicicapa ceylonensis,6.6
Fire-capped Tit,Cephalopyrus flammiceps,Cephalopyrus flammiceps,6
Yellow-browed Tit,Sylviparus modestus,Sylviparus modestus,5.4
Sultan Tit,Melanochlora sultanea,Melanochlora sultanea,7.2
Coal Tit,Periparus ater,Periparus ater,6
Rufous-naped Tit,Periparus rufonuchalis,Periparus rufonuchalis,7.2
Rufous-vented Tit,Periparus rubidiventris,Periparus rubidiventris,8.1
Grey-crested Tit,Lophophanes dichrous,Lophophanes dichrous,8.4
Green-backed Tit,Parus monticolus,Parus monticolus,9
Cinereous Tit,Parus cinereus,Parus major,8.1
White-naped Tit,Machlolophus nuchalis,Machlolophus nuchalis,6.6
Himalayan Black-lored Tit,Machlolophus xanthogenys,Machlolophus xanthogenys,6.3
Indian Yellow Tit,Machlolophus aplonotus,Machlolophus xanthogenys,6.3
Yellow-cheeked Tit,Machlolophus spilonotus,Machlolophus spilonotus,6.3
Black-throated Tit,Aegithalos concinnus,Aegithalos concinnus,6.6
White-throated Tit,Aegithalos niveogularis,Aegithalos niveogularis,7.8
Black-browed Tit,Aegithalos iouschistos,Aegithalos iouschistos,6.6
Indian Nuthatch,Sitta castanea,Sitta castanea,7.8
Chestnut-bellied Nuthatch,Sitta cinnamoventris,Sitta cinnamoventris,6.6
Kashmir Nuthatch,Sitta cashmirensis,Sitta cashmirensis,7.2
White-tailed Nuthatch,Sitta himalayensis,Sitta himalayensis,6.9
White-cheeked Nuthatch,Sitta leucopsis,Sitta leucopsis,6.3
Velvet-fronted Nuthatch,Sitta frontalis,Sitta frontalis,7.8
Beautiful Nuthatch,Sitta formosa,Sitta formosa,7.2
Wallcreeper,Tichodroma muraria,Tichodroma muraria,7.2
Hodgson's Treecreeper,Certhia hodgsoni,Certhia hodgsoni,6.3
Bar-tailed Treecreeper,Certhia himalayana,Certhia himalayana,5.7
Rusty-flanked Treecreeper,Certhia nipalensis,Certhia nipalensis,6.3
Sikkim Treecreeper,Certhia discolor,Certhia discolor,6.3
Indian Spotted Creeper,Salpornis spilonota,Salpornis spilonota,6.6
Eurasian Wren,Troglodytes troglodytes,Troglodytes troglodytes,5.1
Brown Dipper,Cinclus pallasii,Cinclus pallasii,7.8
Grey-headed Bulbul,Brachypodius priocephalus,Brachypodius priocephalus,12.6
Andaman Bulbul,Brachypodius fuscoflavescens,Brachypodius fuscoflavescens,11.4
Black-crested Bulbul,Pycnonotus flaviventris,Rubigula flaviventris,13.2
Flame-throated Bulbul,Pycnonotus gularis,Rubigula gularis,13.2
Striated Bulbul,Pycnonotus striatus,Alcurus striatus,9.6
Red-vented Bulbul,Pycnonotus cafer,Pycnonotus cafer,10.5
Red-whiskered Bulbul,Pycnonotus jocosus,Pycnonotus jocosus,16.5
White-eared Bulbul,Pycnonotus leucotis,Pycnonotus leucotis,9.9
Himalayan Bulbul,Pycnonotus leucogenis,Pycnonotus leucogenys,10.5
Yellow-throated Bulbul,Pycnonotus xantholaemus,Pycnonotus xantholaemus,9.9
White-browed Bulbul,Pycnonotus luteolus,Pycnonotus luteolus,10.5
White-throated Bulbul,Alophoixus flaveolus,Alophoixus flaveolus,9.6
Indian Olive Bulbul,Iole cacharensis,Iole viridescens,9
Yellow-browed Bulbul,Acritillas indica,Acritillas indica,9
Black Bulbul,Hypsipetes leucocephalus,Hypsipetes leucocephalus,12
Square-tailed Bulbul,Hypsipetes ganeesa,Hypsipetes ganeesa,12
Nicobar Bulbul,Ixos nicobariensis,Ixos nicobariensis,12.3
Ashy Bulbul,Hemixos flavala,Hemixos flavala,9.9
Mountain Bulbul,Ixos mcclellandii,Ixos mcclellandii,8.4
Scaly-breasted Wren Babbler,Pnoepyga albiventer,Pnoepyga albiventer,7.8
Nepal Wren Babbler,Pnoepyga immaculata,Pnoepyga immaculata,7.8
Pygmy Wren Babbler,Pnoepyga pusilla,Pnoepyga pusilla,7.2
Pale-footed Bush Warbler,Hemitesia pallidipes,Hemitesia pallidipes,6.3
Grey-bellied Tesia,Tesia cyaniventer,Tesia cyaniventer,6
Slaty-bellied Tesia,Tesia olivea,Tesia olivea,5.7
Grey-sided Bush Warbler,Cettia brunnifrons,Cettia brunnifrons,6
Chestnut-headed Tesia,Cettia castaneocoronata,Cettia castaneocoronata,7.2
Yellow-bellied Warbler,Abroscopus superciliaris,Abroscopus superciliaris,6
Black-faced Warbler,Abroscopus schisticeps,Abroscopus schisticeps,5.7
Mountain Tailorbird,Phyllergates cucullatus,Phyllergates cucullatus,5.7
Broad-billed Warbler,Tickellia hodgsoni,Tickellia hodgsoni,6.3
Brownish-flanked Bush Warbler,Horornis fortipes,Horornis fortipes,6.3
Hume's Bush Warbler,Horornis brunnescens,Horornis brunnescens,6
Aberrant Bush Warbler,Horornis flavolivaceus,Horornis flavolivaceus,6
Ashy-throated Warbler,Phylloscopus maculipennis,Phylloscopus maculipennis,5.7
Buff-barred Warbler,Phylloscopus pulcher,Phylloscopus pulcher,6.9
Yellow-browed Warbler,Phylloscopus inornatus,Phylloscopus inornatus,5.7
Hume's Leaf Warbler,Phylloscopus humei,Phylloscopus humei,6.9
Brooks's Leaf Warbler,Phylloscopus subviridis,Phylloscopus subviridis,6.9
Lemon-rumped Warbler,Phylloscopus chloronotus,Phylloscopus chloronotus,6.9
Tytler's Leaf Warbler,Phylloscopus tytleri,Phylloscopus tytleri,6.9
Sulphur-bellied Warbler,Phylloscopus griseolus,Phylloscopus griseolus,6.9
Tickell's Leaf Warbler,Phylloscopus affinis,Phylloscopus affinis,6.9
Dusky Warbler,Phylloscopus fuscatus,Phylloscopus fuscatus,7.2
Smoky Warbler,Phylloscopus fuligiventer,Phylloscopus fuligiventer,6.9
Kashmir Chiffchaff,Phylloscopus sindianus,Phylloscopus sindianus,7.2
Common Chiffchaff,Phylloscopus collybita,Phylloscopus tristis,5.7
White-spectacled Warbler,Phylloscopus intermedius,Phylloscopus intermedius,6.9
Grey-cheeked Warbler,Phylloscopus poliogenys,Phylloscopus poliogenys,6.9
Green-crowned Warbler,Phylloscopus burkii,Phylloscopus burkii,6.9
Whistler's Warbler,Phylloscopus whistleri,Phylloscopus whistleri,6.9
Green Leaf Warbler,Phylloscopus nitidus,Phylloscopus nitidus,5.7
Greenish Leaf Warbler,Phylloscopus trochiloides,Phylloscopus trochiloides,4.8
Large-billed Leaf Warbler,Phylloscopus magnirostris,Phylloscopus magnirostris,7.2
Chestnut-crowned Warbler,Phylloscopus castaniceps,Phylloscopus castaniceps,6.9
Yellow-vented Leaf Warbler,Phylloscopus cantator,Phylloscopus cantator,5.7
Western Crowned Leaf Warbler,Phylloscopus occipitalis,Phylloscopus occipitalis,7.2
Blyth's Leaf Warbler,Phylloscopus reguloides,Phylloscopus reguloides,6.9
Grey-hooded Leaf Warbler,Phylloscopus xanthoschistos,Phylloscopus xanthoschistos,6.9
Thick-billed Warbler,Arundinax aedon,Arundinax aedon,7.8
Booted Warbler,Iduna caligata,Iduna caligata,5.7
Sykes's Warbler,Iduna rama,Iduna rama,6.9
Paddyfield Warbler,Acrocephalus agricola,Acrocephalus agricola,6.6
Blyth's Reed Warbler,Acrocephalus dumetorum,Acrocephalus dumetorum,6.9
Clamorous Reed Warbler,Acrocephalus stentoreus,Acrocephalus stentoreus,8.4
Striated Grassbird,Megalurus palustris,Megalurus palustris,8.4
Broad-tailed Grassbird,Schoenicola platyurus,Schoenicola platyurus,7.8
West Himalayan Bush Warbler,Locustella kashmirensis,Locustella kashmirensis,6
Spotted Bush Warbler,Locustella thoracica,Locustella thoracica,6
Bristled Grassbird,Chaetornis striata,Chaetornis striata,7.8
Common Tailorbird,Orthotomus sutorius,Orthotomus sutorius,6
Striated Prinia,Prinia crinigera,Prinia crinigera,6
Black-throated Prinia,Prinia atrogularis,Prinia atrogularis,6.3
Grey-crowned Prinia,Prinia cinereocapilla,Prinia cinereocapilla,6.9
Rufous-fronted Prinia,Prinia buchanani,Prinia buchanani,6.6
Grey-breasted Prinia,Prinia hodgsonii,Prinia hodgsonii,6.3
Graceful Prinia,Prinia gracilis,Prinia gracilis,6.6
Jungle Prinia,Prinia sylvatica,Prinia sylvatica,7.8
Yellow-bellied Prinia,Prinia flaviventris,Prinia flaviventris,6.6
Ashy Prinia,Prinia socialis,Prinia socialis,6.6
Plain Prinia,Prinia inornata,Prinia inornata,6.6
Zitting Cisticola,Cisticola juncidis,Cisticola juncidis,6.6
Golden-headed Cisticola,Cisticola exilis,Cisticola exilis,6.3
Lesser Whitethroat,Sylvia curruca,Sylvia curruca,6.3
Eastern Orphean Warbler,Sylvia crassirostris,Sylvia crassirostris,6.6
Fire-tailed Myzornis,Myzornis pyrrhoura,Myzornis pyrrhoura,7.2
Yellow-eyed Babbler,Chrysomma sinense,Chrysomma sinense,7.2
Jerdon's Babbler,Chrysomma altirostre,Chrysomma altirostre,8.1
White-browed Fulvetta,Fulvetta vinipectus,Fulvetta vinipectus,7.2
White-breasted Parrotbill,Psittiparus ruficeps,Psittiparus ruficeps,6
Black-breasted Parrotbill,Paradoxornis flavirostris,Paradoxornis flavirostris,8.4
Lesser Rufous-headed Parrotbill,Chleuasicus atrosuperciliaris,Chleuasicus atrosuperciliaris,8.4
Black-throated Parrotbill,Suthora nipalensis,Suthora nipalensis,6.3
Striated Yuhina,Yuhina castaniceps,Yuhina castaniceps,7.8
White-naped Yuhina,Yuhina bakeri,Yuhina bakeri,8.7
Whiskered Yuhina,Yuhina flavicollis,Yuhina flavicollis,8.7
Stripe-throated Yuhina,Yuhina gularis,Yuhina gularis,8.4
Rufous-vented Yuhina,Yuhina occipitalis,Yuhina occipitalis,9
Black-chinned Yuhina,Yuhina nigrimenta,Yuhina nigrimenta,8.1
Oriental White-eye,Zosterops palpebrosus,Zosterops palpebrosus,6
Chestnut-capped Babbler,Timalia pileata,Timalia pileata,7.2
Pin-striped Tit Babbler,Mixornis gularis,Mixornis gularis,6.6
Tawny-bellied Babbler,Dumetia hyperythra,Dumetia hyperythra,7.2
Dark-fronted Babbler,Rhopocichla atriceps,Rhopocichla atriceps,8.4
Golden Babbler,Cyanoderma chrysaeum,Cyanoderma chrysaeum,6.6
Black-chinned Babbler,Cyanoderma pyrrhops,Cyanoderma pyrrhops,6.9
Rufous-capped Babbler,Cyanoderma ruficeps,Cyanoderma ruficeps,6.6
Buff-chested Babbler,Cyanoderma ambiguum,Cyanoderma rufifrons,6.3
Rufous-throated Wren Babbler,Spelaeornis caudatus,Spelaeornis caudatus,6.9
Mishmi Wren Babbler,Spelaeornis badeigularis,Spelaeornis badeigularis,6.6
Bar-winged Wren Babbler,Spelaeornis troglodytoides,Spelaeornis troglodytoides,6.6
Naga Wren Babbler,Spelaeornis chocolatinus,Spelaeornis chocolatinus,7.5
Tawny-breasted Wren Babbler,Spelaeornis longicaudatus,Spelaeornis longicaudatus,7.5
Slender-billed Scimitar Babbler,Pomatorhinus superciliaris,Pomatorhinus superciliaris,7.8
Streak-breasted Scimitar Babbler,Pomatorhinus ruficollis,Pomatorhinus ruficollis,7.8
Indian Scimitar Babbler,Pomatorhinus horsfieldii,Pomatorhinus horsfieldii,9.3
White-browed Scimitar Babbler,Pomatorhinus schisticeps,Pomatorhinus schisticeps,8.7
Rusty-cheeked Scimitar Babbler,Erythrogenys erythrogenys,Erythrogenys erythrogenys,9.6
Spot-breasted Scimitar Babbler,Erythrogenys mcclellandi,Erythrogenys mcclellandi,9.6
Snowy-throated Babbler,Stachyris oglei,Stachyris oglei,6.9
Sikkim Wedge-billed Babbler,Stachyris humei,Stachyris humei,7.5
Cachar Wedge-billed Babbler,Stachyris roberti,Stachyris roberti,7.8
White-hooded Babbler,Gampsorhynchus rufulus,Gampsorhynchus rufulus,8.7
Yellow-throated Fulvetta,Schoeniparus cinereus,Schoeniparus cinereus,6.6
Rufous-throated Fulvetta,Schoeniparus rufogularis,Schoeniparus rufogularis,6.9
Rufous-vented Grass Babbler,Laticilla burnesii,Laticilla burnesii,6.6
Swamp Grass Babbler,Laticilla cinerascens,Laticilla cinerascens,6.6
Puff-throated Babbler,Pellorneum ruficeps,Pellorneum ruficeps,8.1
Marsh Babbler,Pellorneum palustre,Pellorneum palustre,7.2
Long-billed Wren Babbler,Rimator malacoptilus,Rimator malacoptilus,7.2
Abbott's Babbler,Malacocincla abbotti,Malacocincla abbotti,6.6
Indian Grass Babbler,Graminicola bengalensis,Graminicola bengalensis,7.2
Ludlow's Fulvetta,Fulvetta ludlowi,Fulvetta ludlowi,6.6
Quaker Tit Babbler,Alcippe poioicephala,Alcippe poioicephala,7.8
Nepal Tit Babbler,Alcippe nipalensis,Alcippe nipalensis,6.6
Striated Laughingthrush,Grammatoptila striata,Grammatoptila striata,14.7
Himalayan Cutia,Cutia nipalensis,Cutia nipalensis,9.3
Common Babbler,Argya caudata,Argya caudata,16.5
Striated Babbler,Argya earlei,Argya earlei,15
Slender-billed Babbler,Chatarrhaea longirostris,Chatarrhaea longirostris,8.1
Large Grey Babbler,Argya malcolmi,Argya malcolmi,16.2
Rufous Babbler,Argya subrufa,Argya subrufa,15.6
Jungle Babbler,Turdoides striata,Turdoides striata,11.7
Yellow-billed Babbler,Turdoides affinis,Turdoides affinis,10.5
White-crested Laughingthrush,Garrulax leucolophus,Garrulax leucolophus,12.3
Lesser Necklaced Laughingthrush,Garrulax monileger,Garrulax monileger,8.7
Spot-breasted Laughingthrush,Garrulax merulinus,Garrulax merulinus,12.6
Moustached Laughingthrush,Garrulax cineraceus,Garrulax cineraceus,9.3
Rufous-chinned Laughingthrush,Garrulax rufogularis,Garrulax rufogularis,9
Greater Necklaced Laughingthrush,Garrulax pectoralis,Garrulax pectoralis,12.3
White-throated Laughingthrush,Garrulax albogularis,Garrulax albogularis,12.6
Rufous-necked Laughingthrush,Garrulax ruficollis,Garrulax ruficollis,8.7
Chestnut-backed Laughingthrush,Garrulax nuchalis,Garrulax nuchalis,12.3
Yellow-throated Laughingthrush,Garrulax galbanus,Garrulax galbanus,9
Wayanad Laughingthrush,Garrulax delesserti,Garrulax delesserti,12.6
Rufous-vented Laughingthrush,Garrulax gularis,Garrulax gularis,12.6
Grey-sided Laughingthrush,Garrulax caerulatus,Garrulax caerulatus,12.9
Streaked Laughingthrush,Trochalopteron lineatum,Trochalopteron lineatum,9
Bhutan Laughingthrush,Trochalopteron imbricatum,Trochalopteron imbricatum,9.3
Striped Laughingthrush,Trochalopteron virgatum,Trochalopteron virgatum,9.9
Scaly Laughingthrush,Trochalopteron subunicolor,Trochalopteron subunicolor,9
Brown-capped Laughingthrush,Trochalopteron austeni,Trochalopteron austeni,9.6
Blue-winged Laughingthrush,Trochalopteron squamatum,Trochalopteron squamatum,13.5
Variegated Laughingthrush,Trochalopteron variegatum,Trochalopteron variegatum,12.6
Chestnut-crowned Laughingthrush,Trochalopteron erythrocephalum,Trochalopteron erythrocephalum,13.5
Assam Laughingthrush,Trochalopteron chrysopterum,Trochalopteron chrysopterum,13.2
Banasura Laughingthrush,Montecincla jerdoni,Montecincla jerdoni,18
Nilgiri Laughingthrush,Montecincla cachinnans,Montecincla cachinnans,18
Palani Laughingthrush,Montecincla fairbanki,Montecincla fairbanki,18
Ashambu Laughingthrush,Montecincla meridionalis,Montecincla meridionalis,18
Rufous Sibia,Heterophasia capistrata,Heterophasia capistrata,8.7
Grey Sibia,Heterophasia gracilis,Heterophasia gracilis,8.7
Beautiful Sibia,Heterophasia pulchella,Heterophasia pulchella,12
Silver-eared Mesia,Leiothrix argentauris,Leiothrix argentauris,10.5
Red-billed Leiothrix,Leiothrix lutea,Leiothrix lutea,13.5
Red-tailed Minla,Minla ignotincta,Minla ignotincta,7.5
Rufous-backed Sibia,Leioptila annectens,Leioptila annectens,8.7
Bugun Liocichla,Liocichla bugunorum,Liocichla bugunorum,9
Red-faced Liocichla,Liocichla phoenicea,Liocichla phoenicea,9.6
Hoary-throated Barwing,Sibia nipalensis,Sibia nipalensis,10.2
Streak-throated Barwing,Sibia waldeni,Sibia waldeni,10.5
Rusty-fronted Barwing,Actinodura egertoni,Actinodura egertoni,8.4
Blue-winged Minla,Siva cyanouroptera,Siva cyanouroptera,7.8
Chestnut-tailed Minla,Chrysominla strigula,Chrysominla strigula,8.1
Asian Fairy-bluebird,Irena puella,Irena puella,14.1
Dark-sided Flycatcher,Muscicapa sibirica,Muscicapa sibirica,6.3
Asian Brown Flycatcher,Muscicapa dauurica,Muscicapa dauurica,6.3
Brown-breasted Flycatcher,Muscicapa muttui,Muscicapa muttui,5.7
Indian Robin,Saxicoloides fulicatus,Saxicoloides fulicatus,7.2
Oriental Magpie Robin,Copsychus saularis,Copsychus saularis,7.2
White-rumped Shama,Kittacincla malabarica,Kittacincla malabarica,6.6
Andaman Shama,Kittacincla albiventris,Kittacincla albiventris,6.6
White-gorgeted Flycatcher,Anthipes monileger,Anthipes monileger,6.3
Nilgiri Sholakili,Sholicola major,Sholicola major,8.4
White-bellied Sholakili,Sholicola albiventris,Sholicola albiventris,9
White-bellied Blue Flycatcher,Cyornis pallidipes,Cyornis pallidipes,6.9
Pale-chinned Flycatcher,Cyornis poliogenys,Cyornis poliogenys,7.8
Blue-throated Flycatcher,Cyornis rubeculoides,Cyornis rubeculoides,6.6
Large Blue Flycatcher,Cyornis magnirostris,Cyornis magnirostris,6.9
Tickell's Blue Flycatcher,Cyornis tickelliae,Cyornis tickelliae,6.9
Nicobar Jungle Flycatcher,Cyornis nicobaricus,Cyornis nicobaricus,6.6
Large Niltava,Niltava grandis,Niltava grandis,8.4
Small Niltava,Niltava macgrigoriae,Niltava macgrigoriae,6.6
Rufous-bellied Niltava,Niltava sundara,Niltava sundara,7.2
Nilgiri Flycatcher,Eumyias albicaudatus,Eumyias albicaudatus,7.8
Verditer Flycatcher,Eumyias thalassinus,Eumyias thalassinus,7.2
Rusty-bellied Shortwing,Brachypteryx hyperythra,Brachypteryx hyperythra,13.2
Gould's Shortwing,Heteroxenicus stellatus,Heteroxenicus stellatus,8.4
Lesser Shortwing,Brachypteryx leucophris,Brachypteryx leucophris,7.8
Indian Blue Robin,Larvivora brunnea,Larvivora brunnea,7.2
Bluethroat,Luscinia svecica,Cyanecula svecica,8.4
Malabar Whistling Thrush,Myophonus horsfieldii,Myophonus horsfieldii,14.1
Blue Whistling Thrush,Myophonus caeruleus,Myophonus caeruleus,12.9
Little Forktail,Enicurus scouleri,Enicurus scouleri,7.8
Spotted Forktail,Enicurus maculatus,Enicurus maculatus,8.4
Black-backed Forktail,Enicurus immaculatus,Enicurus immaculatus,8.1
Slaty-backed Forktail,Enicurus schistaceus,Enicurus schistaceus,8.4
Siberian Rubythroat,Calliope calliope,Calliope calliope,6
Himalayan Rubythroat,Calliope pectoralis,Calliope pectoralis,7.2
Chinese Rubythroat,Calliope tschebaiewi,Calliope tschebaiewi,7.2
White-tailed Robin,Myiomela leucura,Myiomela leucura,7.2
Blue-fronted Robin,Cinclidium frontale,Cinclidium frontale,8.1
Himalayan Bush Robin,Tarsiger rufilatus,Tarsiger rufilatus,7.2
Rufous-breasted Bush Robin,Tarsiger hyperythrus,Tarsiger hyperythrus,6.9
Golden Bush Robin,Tarsiger chrysaeus,Tarsiger chrysaeus,7.2
Black-and-orange Flycatcher,Ficedula nigrorufa,Ficedula nigrorufa,7.2
Slaty-blue Flycatcher,Ficedula tricolor,Ficedula tricolor,7.8
Snowy-browed Flycatcher,Ficedula hyperythra,Ficedula hyperythra,7.8
Pygmy Blue Flycatcher,Ficedula hodgsoni,Ficedula hodgsoni,7.8
Rufous-gorgeted Flycatcher,Ficedula strophiata,Ficedula strophiata,8.4
Sapphire Flycatcher,Ficedula sapphira,Ficedula sapphira,7.2
Little Pied Flycatcher,Ficedula westermanni,Ficedula westermanni,7.8
Ultramarine Flycatcher,Ficedula superciliaris,Ficedula superciliaris,7.2
Rusty-tailed Flycatcher,Ficedula ruficauda,Ficedula ruficauda,8.4
Taiga Flycatcher,Ficedula albicilla,Ficedula albicilla,8.4
Kashmir Flycatcher,Ficedula subrubra,Ficedula subrubra,7.8
Red-breasted Flycatcher,Ficedula parva,Ficedula parva,7.8
Blue-fronted Redstart,Phoenicurus frontalis,Phoenicurus frontalis,7.8
Plumbeous Water Redstart,Phoenicurus fuliginosus,Phoenicurus fuliginosus,7.8
White-capped Water Redstart,Phoenicurus leucocephalus,Phoenicurus leucocephalus,8.4
Blue-capped Redstart,Phoenicurus coeruleocephala,Phoenicurus coeruleocephala,7.8
White-winged Redstart,Phoenicurus erythrogastrus,Phoenicurus erythrogastrus,8.4
Black Redstart,Phoenicurus ochruros,Phoenicurus ochruros,8.4
Chestnut-bellied Rock Thrush,Monticola rufiventris,Monticola rufiventris,9
Blue-capped Rock Thrush,Monticola cinclorhyncha,Monticola cinclorhyncha,8.4
Blue Rock Thrush,Monticola solitarius,Monticola solitarius,9
Stoliczka's Bushchat,Saxicola macrorhynchus,Saxicola macrorhynchus,6.9
Hodgson's Bushchat,Saxicola insignis,Saxicola insignis,6.9
Siberian Stonechat,Saxicola maurus,Saxicola torquatus,6
Pied Bushchat,Saxicola caprata,Saxicola caprata,6.9
Grey Bushchat,Saxicola ferreus,Saxicola ferreus,6
Brown Rock Chat,Oenanthe fusca,Oenanthe fusca,6
Variable Wheatear,Oenanthe picata,Oenanthe picata,6.9
Desert Wheatear,Oenanthe deserti,Oenanthe deserti,6
Isabelline Wheatear,Oenanthe isabellina,Oenanthe isabellina,7.2
Grandala,Grandala coelicolor,Grandala coelicolor,10.5
Long-tailed Thrush,Zoothera dixoni,Zoothera dixoni,12.3
Alpine Thrush,Zoothera mollissima,Zoothera mollissima,9.6
Dark-sided Thrush,Zoothera marginata,Zoothera marginata,9.9
Long-billed Thrush,Zoothera monticola,Zoothera monticola,13.2
Scaly Thrush,Zoothera dauma,Zoothera dauma,8.7
Nilgiri Thrush,Zoothera neilgherriensis,Zoothera dauma,8.7
Purple Cochoa,Cochoa purpurea,Cochoa purpurea,14.1
Pied Thrush,Geokichla wardii,Geokichla wardii,9
Orange-headed Thrush,Geokichla citrina,Geokichla citrina,9.6
Mistle Thrush,Turdus viscivorus,Turdus viscivorus,13.8
Grey-winged Blackbird,Turdus boulboul,Turdus boulboul,10.2
Indian Blackbird,Turdus simillimus,Turdus simillimus,9.9
Tickell's Thrush,Turdus unicolor,Turdus unicolor,10.5
Tibetan Blackbird,Turdus maximus,Turdus maximus,9.9
White-collared Blackbird,Turdus albocinctus,Turdus albocinctus,11.1
Common Hill Myna,Gracula religiosa,Gracula religiosa,15.3
Southern Hill Myna,Gracula indica,Gracula indica,15.3
Common Starling,Sturnus vulgaris,Sturnus vulgaris,17.4
Rosy Starling,Pastor roseus,Pastor roseus,9
Asian Pied Starling,Gracupica contra,Gracupica contra,7.2
Brahminy Starling,Sturnia pagodarum,Sturnia pagodarum,7.5
Chestnut-tailed Starling,Sturnia malabarica,Sturnia malabarica,7.8
Malabar Starling,Sturnia blythii,Sturnia malabarica,7.8
White-headed Starling,Sturnia erythropygia,Sturnia erythropygia,7.8
Common Myna,Acridotheres tristis,Acridotheres tristis,9.6
Bank Myna,Acridotheres ginginianus,Acridotheres ginginianus,7.2
Jungle Myna,Acridotheres fuscus,Acridotheres fuscus,9
Great Myna,Acridotheres grandis,Acridotheres grandis,8.7
Spot-winged Starling,Saroglossa spilopterus,Saroglossa spilopterus,9.6
Jerdon's Leafbird,Chloropsis jerdoni,Chloropsis jerdoni,9
Golden-fronted Leafbird,Chloropsis aurifrons,Chloropsis aurifrons,9
Orange-bellied Leafbird,Chloropsis hardwickii,Chloropsis hardwickii,9
Thick-billed Flowerpecker,Dicaeum agile,Dicaeum agile,7.2
Pale-billed Flowerpecker,Dicaeum erythrorhynchos,Dicaeum erythrorhynchos,7.2
Nilgiri Flowerpecker,Dicaeum concolor,Dicaeum concolor,7.2
Plain Flowerpecker,Dicaeum minullum,Dicaeum minullum,7.8
Andaman Flowerpecker,Dicaeum virescens,Dicaeum minullum,7.8
Fire-breasted Flowerpecker,Dicaeum ignipectus,Dicaeum ignipectus,6.3
Scarlet-backed Flowerpecker,Dicaeum cruentatum,Dicaeum cruentatum,6
Ruby-cheeked Sunbird,Chalcoparia singalensis,Chalcoparia singalensis,7.2
Purple-rumped Sunbird,Leptocoma zeylonica,Leptocoma zeylonica,6.6
Crimson-backed Sunbird,Leptocoma minima,Leptocoma minima,6.6
Purple Sunbird,Cinnyris asiaticus,Cinnyris asiaticus,14.4
Loten's Sunbird,Cinnyris lotenius,Cinnyris lotenius,9.9
Fire-tailed Sunbird,Aethopyga ignicauda,Aethopyga ignicauda,7.5
Black-throated Sunbird,Aethopyga saturata,Aethopyga saturata,7.2
Mrs Gould's Sunbird,Aethopyga gouldiae,Aethopyga gouldiae,6.9
Green-tailed Sunbird,Aethopyga nipalensis,Aethopyga nipalensis,7.2
Vigors's Sunbird,Aethopyga vigorsii,Aethopyga vigorsii,7.8
Crimson Sunbird,Aethopyga siparaja,Aethopyga siparaja,7.8
Little Spiderhunter,Arachnothera longirostra,Arachnothera longirostra,6.9
Streaked Spiderhunter,Arachnothera magna,Arachnothera magna,8.1
Alpine Accentor,Prunella collaris,Prunella collaris,9
Altai Accentor,Prunella himalayana,Prunella himalayana,8.4
Robin Accentor,Prunella rubeculoides,Prunella rubeculoides,9
Rufous-breasted Accentor,Prunella strophiata,Prunella strophiata,6.9
Black-throated Accentor,Prunella atrogularis,Prunella atrogularis,8.4
Maroon-backed Accentor,Prunella immaculata,Prunella immaculata,7.2
Forest Wagtail,Dendronanthus indicus,Dendronanthus indicus,7.2
Grey Wagtail,Motacilla cinerea,Motacilla cinerea,6.3
Western Yellow Wagtail,Motacilla flava,Motacilla flava,6.3
Citrine Wagtail,Motacilla citreola,Motacilla citreola,8.4
White-browed Wagtail,Motacilla maderaspatensis,Motacilla maderaspatensis,8.4
White Wagtail,Motacilla alba,Motacilla alba,7.8
Richard's Pipit,Anthus richardi,Anthus richardi,6.9
Paddyfield Pipit,Anthus rufulus,Anthus rufulus,6.3
Long-billed Pipit,Anthus similis,Anthus similis,6.9
Blyth's Pipit,Anthus godlewskii,Anthus godlewskii,6.3
Tawny Pipit,Anthus campestris,Anthus campestris,6.6
Nilgiri Pipit,Anthus nilghiriensis,Anthus nilghiriensis,6.9
Upland Pipit,Anthus sylvanus,Anthus sylvanus,6.6
Rosy Pipit,Anthus roseatus,Anthus roseatus,6.3
Tree Pipit,Anthus trivialis,Anthus trivialis,6
Olive-backed Pipit,Anthus hodgsoni,Anthus hodgsoni,6.3
Black-and-yellow Grosbeak,Mycerobas icterioides,Mycerobas icterioides,10.5
Collared Grosbeak,Mycerobas affinis,Mycerobas affinis,11.1
Spot-winged Grosbeak,Mycerobas melanozanthos,Mycerobas melanozanthos,10.5
Common Rosefinch,Carpodacus erythrinus,Carpodacus erythrinus,6.3
Scarlet Finch,Carpodacus sipahi,Carpodacus sipahi,8.4
Blyth's Rosefinch,Carpodacus grandis,Carpodacus rhodochlamys,8.4
Pink-browed Rosefinch,Carpodacus rodochroa,Carpodacus rodochroa,6.6
Spot-winged Rosefinch,Carpodacus rodopeplus,Carpodacus rodopeplus,6.6
Crimson-browed Finch,Carpodacus subhimachalus,Carpodacus subhimachalus,8.4
Himalayan White-browed Rosefinch,Carpodacus thura,Carpodacus thura,7.8
Brown Bullfinch,Pyrrhula nipalensis,Pyrrhula nipalensis,11.1
Orange Bullfinch,Pyrrhula aurantiaca,Pyrrhula aurantiaca,8.1
Red-headed Bullfinch,Pyrrhula erythrocephala,Pyrrhula erythrocephala,10.5
Gold-naped Finch,Pyrrhoplectes epauletta,Pyrrhoplectes epauletta,8.4
Spectacled Finch,Callacanthis burtoni,Callacanthis burtoni,9.6
Dark-breasted Rosefinch,Procarduelis nipalensis,Procarduelis nipalensis,8.4
Plain Mountain Finch,Leucosticte nemoricola,Leucosticte nemoricola,7.2
Yellow-breasted Greenfinch,Chloris spinoides,Chloris spinoides,9
European Goldfinch,Carduelis carduelis,Carduelis carduelis,9
Fire-fronted Serin,Serinus pusillus,Serinus pusillus,6.6
Crested Bunting,Emberiza lathami,Emberiza lathami,8.4
Black-headed Bunting,Emberiza melanocephala,Emberiza melanocephala,8.4
Red-headed Bunting,Emberiza bruniceps,Emberiza bruniceps,6.6
Rock Bunting,Emberiza cia,Emberiza cia,8.4
White-capped Bunting,Emberiza stewarti,Emberiza stewarti,6.3
Grey-necked Bunting,Emberiza buchanani,Emberiza buchanani,6.6
Yellow-breasted Bunting,Emberiza aureola,Emberiza aureola,6.6
House Sparrow,Passer domesticus,Passer domesticus,13.2
Sind Sparrow,Passer pyrrhonotus,Passer pyrrhonotus,9
Russet Sparrow,Passer cinnamomeus,Passer cinnamomeus,6.6
Eurasian Tree Sparrow,Passer montanus,Passer montanus,9.6
Yellow-throated Sparrow,Gymnoris xanthocollis,Gymnoris xanthocollis,7.8
Streaked Weaver,Ploceus manyar,Ploceus manyar,9.6
Baya Weaver,Ploceus philippinus,Ploceus philippinus,12.6
Finn's Weaver,Ploceus megarhynchus,Ploceus megarhynchus,12.9
Black-breasted Weaver,Ploceus benghalensis,Ploceus benghalensis,9.6
Green Munia,Amandava formosa,Amandava formosa,6.3
Red Munia,Amandava amandava,Amandava amandava,7.2
Indian Silverbill,Euodice malabarica,Euodice malabarica,6.3
White-rumped Munia,Lonchura striata,Lonchura striata,6.3
Black-throated Munia,Lonchura kelaarti,Lonchura kelaarti,5.7
Scaly-breasted Munia,Lonchura punctulata,Lonchura punctulata,6.3
Tricoloured Munia,Lonchura malacca,Lonchura malacca,5.7
Chestnut Munia,Lonchura atricapilla,Lonchura atricapilla,5.7
