"COMMON.NAME","SCIENTIFIC.NAME"
"Pale-legged Leaf Warbler","Phylloscopus tenellipes"
"Siberian Thrush","Geokichla sibirica"
"Andaman Bulbul","Brachypodius fuscoflavescens"
"Andaman Coucal","Centropus andamanensis"
"Andaman Crake","Rallina canningi"
"Andaman Drongo","Dicrurus andamanensis"
"Andaman Flowerpecker","Dicaeum virescens"
"Andaman Treepie","Dendrocitta bayleii"
"Andaman Woodpecker","Dryocopus hodgei"
"Andaman Serpent-Eagle","Spilornis elgini"
"Asian Fairy-bluebird","Irena puella"
"Asian Glossy Starling","Aplonis panayensis"
"Asian Koel","Eudynamys scolopaceus"
"Beach Thick-knee","Esacus magnirostris"
"Black-naped Monarch","Hypothymis azurea"
"Black-naped Oriole","Oriolus chinensis"
"Brown Shrike","Lanius cristatus"
"Cattle Egret","Bubulcus ibis"
"Chestnut-headed Bee-eater","Merops leschenaulti"
"Common Myna","Acridotheres tristis"
"Dollarbird","Eurystomus orientalis"
"Greenish Warbler","Phylloscopus trochiloides"
"Green Imperial-Pigeon","Ducula aenea"
"Greater Racket-tailed Drongo","Dicrurus paradiseus"
"Indian Cuckoo","Cuculus micropterus"
"Intermediate Egret","Ardea intermedia"
"Large-billed Crow","Corvus macrorhynchos"
"Long-tailed Parakeet","Psittacula longicauda"
"Oriental Magpie-Robin","Copsychus saularis"
"Olive-backed Sunbird","Cinnyris jugularis"
"Pacific Reef-Heron","Egretta sacra"
"Pacific Swallow","Hirundo tahitica"
"Plume-toed Swiftlet","Collocalia affinis"
"Andaman Green-Pigeon","Treron chloropterus"
"Red Collared-Dove","Streptopelia tranquebarica"
"Red-whiskered Bulbul","Pycnonotus jocosus"
"Small Minivet","Pericrocotus cinnamomeus"
"Vernal Hanging-Parrot","Loriculus vernalis"
"White-bellied Sea-Eagle","Haliaeetus leucogaster"
"White-breasted Woodswallow","Artamus leucorynchus"
"White-headed Starling","Sturnia erythropygia"
"Whimbrel","Numenius phaeopus"
"White-throated Kingfisher","Halcyon smyrnensis"
"Andaman Cuckoo-Dove","Macropygia rufipennis"
"Black Baza","Aviceda leuphotes"
"Black-capped Kingfisher","Halcyon pileata"
"Collared Kingfisher","Todiramphus chloris"
"Alexandrine Parakeet","Psittacula eupatria"
"Black-naped Tern","Sterna sumatrana"
"Chinese Pond-Heron","Ardeola bacchus"
"Common Sandpiper","Actitis hypoleucos"
"Western Yellow Wagtail","Motacilla flava"
"Asian Emerald Dove","Chalcophaps indica"
"Forest Wagtail","Dendronanthus indicus"
"Common Hill Myna","Gracula religiosa"
"Hooded Pitta","Pitta sordida"
"Narcondam Hornbill","Rhyticeros narcondami"
"Pied Imperial-Pigeon","Ducula bicolor"
"Slaty-legged Crake","Rallina eurizonoides"
"White-breasted Waterhen","Amaurornis phoenicurus"
"Yellow-browed Warbler","Phylloscopus inornatus"
"Yellow Bittern","Ixobrychus sinensis"
"Andaman Boobook","Ninox affinis"
"Andaman Shama","Copsychus albiventris"
"Andaman Teal","Anas albogularis"
"Andaman Scops-Owl","Otus balli"
"Andaman Wood-Pigeon","Columba palumboides"
"Asian Brown Flycatcher","Muscicapa dauurica"
"Andaman Masked-Owl","Tyto deroepstorffi"
"Besra","Accipiter virgatus"
"Black-hooded Oriole","Oriolus xanthornus"
"Brown-backed Needletail","Hirundapus giganteus"
"Hume's Boobook","Ninox obscura"
"Crab-Plover","Dromas ardeola"
"Crested Serpent-Eagle","Spilornis cheela"
"White-nest Swiftlet","Aerodramus fuciphagus"
"Eurasian Curlew","Numenius arquata"
"Eyebrowed Thrush","Turdus obscurus"
"Freckle-breasted Woodpecker","Dendrocopos analis"
"Nicobar Imperial-Pigeon","Ducula nicobarica"
"Gray Wagtail","Motacilla cinerea"
"Indian Pond-Heron","Ardeola grayii"
"Large Cuckooshrike","Coracina macei"
"Little Egret","Egretta garzetta"
"Oriental Scops-Owl","Otus sunia"
"Ruddy Kingfisher","Halcyon coromanda"
"Scarlet Minivet","Pericrocotus speciosus"
"Siberian Stonechat","Saxicola maurus"
"Violet Cuckoo","Chrysococcyx xanthorhynchus"
"White-rumped Munia","Lonchura striata"
"Wood Sandpiper","Tringa glareola"
"Blue-eared Kingfisher","Alcedo meninting"
"Common Redshank","Tringa totanus"
"Indian Golden Oriole","Oriolus kundoo"
"Gray-faced Buzzard","Butastur indicus"
"House Crow","Corvus splendens"
"Red-rumped Swallow","Cecropis daurica"
"Blue-winged Pitta","Pitta moluccensis"
"Andaman Nightjar","Caprimulgus andamanicus"
"Barn Swallow","Hirundo rustica"
"Blue-tailed Bee-eater","Merops philippinus"
"Pacific Golden-Plover","Pluvialis fulva"
"Peregrine Falcon","Falco peregrinus"
"Red-breasted Parakeet","Psittacula alexandri"
"Stork-billed Kingfisher","Pelargopsis capensis"
"Thick-billed Warbler","Arundinax aedon"
"Changeable Hawk-Eagle","Nisaetus limnaeetus"
"Common Snipe","Gallinago gallinago"
"Great Egret","Ardea alba"
"Brahminy Kite","Haliastur indus"
"House Sparrow","Passer domesticus"
"Lesser Whistling-Duck","Dendrocygna javanica"
"Little Tern","Sternula albifrons"
"Oriental White-eye","Zosterops palpebrosus"
"Striated Heron","Butorides striata"
"Orange-headed Thrush","Geokichla citrina"
"Nicobar Pigeon","Caloenas nicobarica"
"Slaty-breasted Rail","Lewinia striata"
"Ashy Minivet","Pericrocotus divaricatus"
"Common Kingfisher","Alcedo atthis"
"Lesser Crested Tern","Thalasseus bengalensis"
"Dusky Warbler","Phylloscopus fuscatus"
"Mangrove Whistler","Pachycephala cinerea"
"Gray Heron","Ardea cinerea"
"European Roller","Coracias garrulus"
"Lesser Sand-Plover","Charadrius mongolus"
"Green Sandpiper","Tringa ochropus"
"Andaman Cuckooshrike","Coracina dobsoni"
"Oriental Honey-buzzard","Pernis ptilorhynchus"
"Great Crested Tern","Thalasseus bergii"
"Marsh Sandpiper","Tringa stagnatilis"
"Richard's Pipit","Anthus richardi"
"White-winged Tern","Chlidonias leucopterus"
"Ashy Drongo","Dicrurus leucophaeus"
"Chinese Egret","Egretta eulophotes"
"Cinnamon Bittern","Ixobrychus cinnamomeus"
"Chinese Sparrowhawk","Accipiter soloensis"
"Taiga Flycatcher","Ficedula albicilla"
"Wood Snipe","Gallinago nemoricola"
"Zappey's Flycatcher","Cyanoptila cumatilis"
"Black-backed Dwarf-Kingfisher","Ceyx erithaca"
"Eurasian Moorhen","Gallinula chloropus"
"Rosy Starling","Pastor roseus"
"Kentish Plover","Charadrius alexandrinus"
"Oriental Plover","Charadrius veredus"
"Lanceolated Warbler","Locustella lanceolata"
"Arctic Warbler","Phylloscopus borealis"
"Ruddy Turnstone","Arenaria interpres"
"Greater Sand-Plover","Charadrius leschenaultii"
"Little Stint","Calidris minuta"
"Long-toed Stint","Calidris subminuta"
"Oriental Reed Warbler","Acrocephalus orientalis"
"Eurasian Kestrel","Falco tinnunculus"
"Gray-headed Swamphen","Porphyrio poliocephalus"
"Watercock","Gallicrex cinerea"
"Pin-tailed Snipe","Gallinago stenura"
"Red-breasted Flycatcher","Ficedula parva"
"Black-bellied Plover","Pluvialis squatarola"
"Bar-tailed Godwit","Limosa lapponica"
"Broad-billed Sandpiper","Calidris falcinellus"
"Curlew Sandpiper","Calidris ferruginea"
"Eastern Yellow Wagtail","Motacilla tschutschensis"
"Little Ringed Plover","Charadrius dubius"
"Red-necked Stint","Calidris ruficollis"
"Ruddy-breasted Crake","Zapornia fusca"
"Common Greenshank","Tringa nebularia"
"Great Knot","Calidris tenuirostris"
"Sanderling","Calidris alba"
"Black-browed Reed Warbler","Acrocephalus bistrigiceps"
"Spotted Redshank","Tringa erythropus"
"Baillon's Crake","Zapornia pusilla"
"Black-tailed Godwit","Limosa limosa"
"Pallas's Grasshopper-Warbler","Locustella certhiola"
"Black Drongo","Dicrurus macrocercus"
"Terek Sandpiper","Xenus cinereus"
"Eurasian Marsh-Harrier","Circus aeruginosus"
"Clamorous Reed Warbler","Acrocephalus stentoreus"
"Oriental Pratincole","Glareola maldivarum"
"Cotton Pygmy-Goose","Nettapus coromandelianus"
"Pheasant-tailed Jacana","Hydrophasianus chirurgus"
"Roseate Tern","Sterna dougallii"
"Citrine Wagtail","Motacilla citreola"
"Eurasian Coot","Fulica atra"
"Purple Heron","Ardea purpurea"
"Blyth's Paradise-Flycatcher","Terpsiphone affinis"
"Eurasian Wigeon","Mareca penelope"
"Garganey","Spatula querquedula"
"Red-crested Pochard","Netta rufina"
"Indian Peafowl","Pavo cristatus"
"White Wagtail","Motacilla alba"
"Mugimaki Flycatcher","Ficedula mugimaki"
"Osprey","Pandion haliaetus"
"Whiskered Tern","Chlidonias hybrida"
"Pale-footed Bush Warbler","Urosphena pallidipes"
"Black-winged Stilt","Himantopus himantopus"
"Gray-headed Lapwing","Vanellus cinereus"
"Little Grebe","Tachybaptus ruficollis"
"Gray-bellied Cuckoo","Cacomantis passerinus"
"Asian Emerald Cuckoo","Chrysococcyx maculatus"
"Ferruginous Duck","Aythya nyroca"
"Little Cormorant","Microcarbo niger"
"Chestnut-winged Cuckoo","Clamator coromandus"
"Daurian Starling","Agropsar sturninus"
"Scaly-breasted Munia","Lonchura punctulata"
"Gray Nightjar","Caprimulgus jotaka"
"Eurasian Wryneck","Jynx torquilla"
"Japanese Sparrowhawk","Accipiter gularis"
"Pied Harrier","Circus melanoleucos"
"Red-throated Pipit","Anthus cervinus"
"Blyth's Swift","Apus leuconyx"
"Himalayan Cuckoo","Cuculus saturatus"
"Hodgson's Hawk-Cuckoo","Hierococcyx nisicolor"
"Javan Pond-Heron","Ardeola speciosa"
"Pectoral Sandpiper","Calidris melanotos"
"Gray Francolin","Francolinus pondicerianus"
"Black Kite","Milvus migrans"
"Blue-throated Flycatcher","Cyornis rubeculoides"
"Nicobar Parakeet","Psittacula caniceps"
"Amur Paradise-Flycatcher","Terpsiphone incei"
"Greater Painted-Snipe","Rostratula benghalensis"
"Large Hawk-Cuckoo","Hierococcyx sparverioides"
"Square-tailed Drongo-Cuckoo","Surniculus lugubris"
"Black-crowned Night-Heron","Nycticorax nycticorax"
"Chestnut-cheeked Starling","Agropsar philippensis"
"Mandarin Duck","Aix galericulata"
"Pied Triller","Lalage nigra"
"Rock Pigeon","Columba livia"
"Montagu's Harrier","Circus pygargus"
"Small Pratincole","Glareola lactea"
"White-throated Needletail","Hirundapus caudacutus"
"Black Bittern","Ixobrychus flavicollis"
"Red-vented Bulbul","Pycnonotus cafer"
"Lesser Frigatebird","Fregata ariel"
"Temminck's Stint","Calidris temminckii"
"Black Noddy","Anous minutus"
"Red-tailed Tropicbird","Phaethon rubricauda"
"Crimson Sunbird","Aethopyga siparaja"
"Malayan Night-Heron","Gorsachius melanolophus"
"Nicobar Scrubfowl","Megapodius nicobariensis"
"Nicobar Serpent-Eagle","Spilornis klossi"
"Nicobar Bulbul","Hypsipetes nicobariensis"
"Nicobar Jungle-Flycatcher","Cyornis nicobaricus"
"Nicobar Sparrowhawk","Accipiter butleri"
"Brown Boobook","Ninox scutulata"
"Nicobar Scops-Owl","Otus alius"
"Asian Openbill","Anastomus oscitans"
"Zitting Cisticola","Cisticola juncidis"
"Amur Falcon","Falco amurensis"
"Masked Booby","Sula dactylatra"
"Sooty Tern","Onychoprion fuscatus"
"Horsfield's Bronze-Cuckoo","Chrysococcyx basalis"
"Jerdon's Courser","Rhinoptilus bitorquatus"
"Indian Silverbill","Euodice malabarica"
"Jungle Babbler","Turdoides striata"
"Jungle Prinia","Prinia sylvatica"
"Tawny-bellied Babbler","Dumetia hyperythra"
"Ashy-crowned Sparrow-Lark","Eremopterix griseus"
"Bay-backed Shrike","Lanius vittatus"
"Common Iora","Aegithina tiphia"
"Common Tailorbird","Orthotomus sutorius"
"Common Woodshrike","Tephrodornis pondicerianus"
"Indian Robin","Copsychus fulicatus"
"Jerdon's Bushlark","Mirafra affinis"
"Jerdon's Leafbird","Chloropsis jerdoni"
"Pied Bushchat","Saxicola caprata"
"Plain Prinia","Prinia inornata"
"White-bellied Drongo","Dicrurus caerulescens"
"White-browed Wagtail","Motacilla maderaspatensis"
"Yellow-eyed Babbler","Chrysomma sinense"
"White Stork","Ciconia ciconia"
"Eurasian Collared-Dove","Streptopelia decaocto"
"Rose-ringed Parakeet","Psittacula krameri"
"Painted Stork","Mycteria leucocephala"
"Indian Gray Hornbill","Ocyceros birostris"
"Pied Cuckoo","Clamator jacobinus"
"Brahminy Starling","Sturnia pagodarum"
"Purple Sunbird","Cinnyris asiaticus"
"Purple-rumped Sunbird","Leptocoma zeylonica"
"Tawny Lark","Galerida deva"
"Eurasian Sparrowhawk","Accipiter nisus"
"Yellow-wattled Lapwing","Vanellus malabaricus"
"Jungle Myna","Acridotheres fuscus"
"Tawny Pipit","Anthus campestris"
"Blyth's Reed Warbler","Acrocephalus dumetorum"
"Common Babbler","Turdoides caudata"
"Green Bee-eater","Merops orientalis"
"Gray-necked Bunting","Emberiza buchanani"
"Indian Bushlark","Mirafra erythroptera"
"Laughing Dove","Streptopelia senegalensis"
"Little Swift","Apus affinis"
"Paddyfield Pipit","Anthus rufulus"
"Red Avadavat","Amandava amandava"
"Red-wattled Lapwing","Vanellus indicus"
"River Tern","Sterna aurantia"
"Shikra","Accipiter badius"
"Sykes's Warbler","Iduna rama"
"White-eyed Buzzard","Butastur teesa"
"White-tailed Iora","Aegithina nigrolutea"
"Yellow-billed Babbler","Turdoides affinis"
"Indian Nightjar","Caprimulgus asiaticus"
"Asian Palm-Swift","Cypsiurus balasiensis"
"Baya Weaver","Ploceus philippinus"
"Black-winged Kite","Elanus caeruleus"
"Blue-faced Malkoha","Phaenicophaeus viridirostris"
"Common Hawk-Cuckoo","Hierococcyx varius"
"Glossy Ibis","Plegadis falcinellus"
"Greater Coucal","Centropus sinensis"
"Eurasian Hoopoe","Upupa epops"
"Indian Roller","Coracias benghalensis"
"Indian Spot-billed Duck","Anas poecilorhyncha"
"Jungle Bush-Quail","Perdicula asiatica"
"Long-tailed Shrike","Lanius schach"
"Pale-billed Flowerpecker","Dicaeum erythrorhynchos"
"Spotted Owlet","Athene brama"
"Wire-tailed Swallow","Hirundo smithii"
"Ashy Woodswallow","Artamus fuscus"
"Barred Buttonquail","Turnix suscitator"
"Bonelli's Eagle","Aquila fasciata"
"Booted Eagle","Hieraaetus pennatus"
"Chestnut-bellied Sandgrouse","Pterocles exustus"
"Coppersmith Barbet","Psilopogon haemacephalus"
"Pallid Harrier","Circus macrourus"
"Rufous-tailed Lark","Ammomanes phoenicura"
"White-browed Bulbul","Pycnonotus luteolus"
"Ashy Prinia","Prinia socialis"
"Dusky Crag-Martin","Ptyonoprogne concolor"
"Gray-breasted Prinia","Prinia hodgsonii"
"Red-naped Ibis","Pseudibis papillosa"
"Short-toed Snake-Eagle","Circaetus gallicus"
"Spotted Dove","Streptopelia chinensis"
"Woolly-necked Stork","Ciconia episcopus"
"Indian Spotted Eagle","Clanga hastata"
"Indian Paradise-Flycatcher","Terpsiphone paradisi"
"Chestnut-shouldered Petronia","Gymnornis xanthocollis"
"Egyptian Vulture","Neophron percnopterus"
"Eurasian Spoonbill","Platalea leucorodia"
"Indian Scimitar-Babbler","Pomatorhinus horsfieldii"
"Jack Snipe","Lymnocryptes minimus"
"Large Gray Babbler","Turdoides malcolmi"
"Lesser Whitethroat","Sylvia curruca"
"Northern Pintail","Anas acuta"
"Great Gray Shrike","Lanius excubitor"
"Painted Spurfowl","Galloperdix lunulata"
"Pied Kingfisher","Ceryle rudis"
"Plum-headed Parakeet","Psittacula cyanocephala"
"Rufous Treepie","Dendrocitta vagabunda"
"Crested Hawk-Eagle","Nisaetus cirrhatus"
"Hume's Whitethroat","Sylvia althaea"
"Painted Sandgrouse","Pterocles indicus"
"Rufous-fronted Prinia","Prinia buchanani"
"Sirkeer Malkoha","Taccocua leschenaultii"
"Streak-throated Woodpecker","Picus xanthopygaeus"
"Tawny Eagle","Aquila rapax"
"Western Crowned Warbler","Phylloscopus occipitalis"
"Crested Treeswift","Hemiprocne coronata"
"Indian Cormorant","Phalacrocorax fuscicollis"
"Black-headed Ibis","Threskiornis melanocephalus"
"Oriental Darter","Anhinga melanogaster"
"Great Cormorant","Phalacrocorax carbo"
"Tricolored Munia","Lonchura malacca"
"Long-billed Pipit","Anthus similis"
"Common Cuckoo","Cuculus canorus"
"Spot-billed Pelican","Pelecanus philippensis"
"Blue Rock-Thrush","Monticola solitarius"
"Gray Junglefowl","Gallus sonneratii"
"Indian Courser","Cursorius coromandelicus"
"Oriental Skylark","Alauda gulgula"
"Bar-headed Goose","Anser indicus"
"Bluethroat","Luscinia svecica"
"Blyth's Pipit","Anthus godlewskii"
"Booted Warbler","Iduna caligata"
"Ruddy Shelduck","Tadorna ferruginea"
"Sykes's Short-toed Lark","Calandrella dukhunensis"
"Streak-throated Swallow","Petrochelidon fluvicola"
"Black-rumped Flameback","Dinopium benghalense"
"Long-billed Sunbird","Cinnyris lotenius"
"Cinereous Tit","Parus cinereus"
"White-naped Tit","Machlolophus nuchalis"
"Eastern Orphean Warbler","Sylvia crassirostris"
"Common Pochard","Aythya ferina"
"White-naped Woodpecker","Chrysocolaptes festivus"
"Black-headed Cuckooshrike","Lalage melanoptera"
"Golden-fronted Leafbird","Chloropsis aurifrons"
"Tree Pipit","Anthus trivialis"
"Verditer Flycatcher","Eumyias thalassinus"
"Northern Shoveler","Spatula clypeata"
"Brown-capped Woodpecker","Yungipicus nanus"
"Rain Quail","Coturnix coromandelica"
"White-cheeked Barbet","Psilopogon viridis"
"Tickell's Leaf Warbler","Phylloscopus affinis"
"Green-winged Teal","Anas crecca"
"Olive-backed Pipit","Anthus hodgsoni"
"Spot-breasted Fantail","Rhipidura albogularis"
"Chestnut-tailed Starling","Sturnia malabarica"
"Heart-spotted Woodpecker","Hemicircus canente"
"Red Spurfowl","Galloperdix spadicea"
"Indian Pitta","Pitta brachyura"
"Alpine Swift","Apus melba"
"Greater Flamingo","Phoenicopterus roseus"
"Banded Bay Cuckoo","Cacomantis sonneratii"
"Black Eagle","Ictinaetus malaiensis"
"Puff-throated Babbler","Pellorneum ruficeps"
"Yellow-throated Bulbul","Pycnonotus xantholaemus"
"Brown-headed Barbet","Psilopogon zeylanicus"
"Thick-billed Flowerpecker","Dicaeum agile"
"Hair-crested Drongo","Dicrurus hottentottus"
"Mottled Wood-Owl","Strix ocellata"
"Indian Vulture","Gyps indicus"
"White-browed Fantail","Rhipidura aureola"
"Yellow-footed Pigeon","Treron phoenicopterus"
"Indian Scops-Owl","Otus bakkamoena"
"Tickell's Blue Flycatcher","Cyornis tickelliae"
"White-rumped Shama","Copsychus malabaricus"
"Barn Owl","Tyto alba"
"Steppe Eagle","Aquila nipalensis"
"Brown-breasted Flycatcher","Muscicapa muttui"
"Jerdon's Nightjar","Caprimulgus atripennis"
"Common Rosefinch","Carpodacus erythrinus"
"Savanna Nightjar","Caprimulgus affinis"
"Brown-cheeked Fulvetta","Alcippe poioicephala"
"Lesser Yellownape","Picus chlorolophus"
"Large-billed Leaf Warbler","Phylloscopus magnirostris"
"Blue-capped Rock-Thrush","Monticola cinclorhyncha"
"Black Redstart","Phoenicurus ochruros"
"Ultramarine Flycatcher","Ficedula superciliaris"
"Indian Blackbird","Turdus simillimus"
"Greater Spotted Eagle","Clanga clanga"
"Sulphur-bellied Warbler","Phylloscopus griseolus"
"Tickell's Thrush","Turdus unicolor"
"Rock Bush-Quail","Perdicula argoondah"
"Eurasian Hobby","Falco subbuteo"
"Indian Yellow Tit","Machlolophus aplonotus"
"Indian Blue Robin","Larvivora brunnea"
"Jungle Nightjar","Caprimulgus indicus"
"Yellow-legged Buttonquail","Turnix tanki"
"Bar-winged Flycatcher-shrike","Hemipus picatus"
"Gray-headed Canary-Flycatcher","Culicicapa ceylonensis"
"Oriental Turtle-Dove","Streptopelia orientalis"
"Bronzed Drongo","Dicrurus aeneus"
"European Bee-eater","Merops apiaster"
"Green Warbler","Phylloscopus nitidus"
"Paddyfield Warbler","Acrocephalus agricola"
"Yellow-browed Bulbul","Iole indica"
"Bronze-winged Jacana","Metopidius indicus"
"White-throated Fantail","Rhipidura albicollis"
"Asian Pied Starling","Gracupica contra"
"Jungle Owlet","Glaucidium radiatum"
"Gray-fronted Green-Pigeon","Treron affinis"
"Brown Fish-Owl","Ketupa zeylonensis"
"Western Reef-Heron","Egretta gularis"
"Black-throated Munia","Lonchura kelaarti"
"Brown-headed Gull","Chroicocephalus brunnicephalus"
"Eurasian Woodcock","Scolopax rusticola"
"Small Buttonquail","Turnix sylvaticus"
"Bengal Weaver","Ploceus benghalensis"
"Caspian Tern","Hydroprogne caspia"
"Hume's Warbler","Phylloscopus humei"
"Common Grasshopper-Warbler","Locustella naevia"
"Common Quail","Coturnix coturnix"
"Indian Thick-knee","Burhinus indicus"
"Red-necked Falcon","Falco chicquera"
"Common Chiffchaff","Phylloscopus collybita"
"River Lapwing","Vanellus duvaucelii"
"Black Stork","Ciconia nigra"
"Knob-billed Duck","Sarkidiornis melanotos"
"Streaked Weaver","Ploceus manyar"
"Tufted Duck","Aythya fuligula"
"Yellow-crowned Woodpecker","Leiopicus mahrattensis"
"Black-headed Bunting","Emberiza melanocephala"
"Black-bellied Tern","Sterna acuticauda"
"Gull-billed Tern","Gelochelidon nilotica"
"Pin-striped Tit-Babbler","Mixornis gularis"
"Black-headed Gull","Chroicocephalus ridibundus"
"Dunlin","Calidris alpina"
"Great Thick-knee","Esacus recurvirostris"
"White-rumped Vulture","Gyps bengalensis"
"Caspian Plover","Charadrius asiaticus"
"Gadwall","Mareca strepera"
"Long-legged Buzzard","Buteo rufinus"
"Blue-bearded Bee-eater","Nyctyornis athertoni"
"Black-crested Bulbul","Rubigula flaviventris"
"Indian Nuthatch","Sitta castanea"
"Fulvous-breasted Woodpecker","Dendrocopos macei"
"Green-billed Malkoha","Phaenicophaeus tristis"
"Greater Flameback","Chrysocolaptes guttacristatus"
"Malabar Trogon","Harpactes fasciatus"
"Red Junglefowl","Gallus gallus"
"Rosy Minivet","Pericrocotus roseus"
"Velvet-fronted Nuthatch","Sitta frontalis"
"Jerdon's Baza","Aviceda jerdoni"
"Rufous Woodpecker","Micropternus brachyurus"
"Speckled Piculet","Picumnus innominatus"
"Greater Yellownape","Chrysophlegma flavinucha"
"Large Woodshrike","Tephrodornis virgatus"
"Orange-breasted Pigeon","Treron bicinctus"
"Crested Goshawk","Accipiter trivirgatus"
"Malabar Pied-Hornbill","Anthracoceros coronatus"
"Malabar Whistling-Thrush","Myophonus horsfieldii"
"Fork-tailed Drongo-Cuckoo","Surniculus dicruroides"
"Little Spiderhunter","Arachnothera longirostra"
"Gray Treepie","Dendrocitta formosae"
"Gray-headed Woodpecker","Picus canus"
"White-rumped Needletail","Zoonavena sylvatica"
"Brown Crake","Zapornia akool"
"Pale-chinned Blue Flycatcher","Cyornis poliogenys"
"Spot-bellied Eagle-Owl","Bubo nipalensis"
"Large-tailed Nightjar","Caprimulgus macrurus"
"Ruby-cheeked Sunbird","Chalcoparia singalensis"
"Pallas's Gull","Ichthyaetus ichthyaetus"
"Indian Spotted Creeper","Salpornis spilonota"
"Common Tern","Sterna hirundo"
"Ruff","Calidris pugnax"
"Sandwich Tern","Thalasseus sandvicensis"
"Tytler's Leaf Warbler","Phylloscopus tytleri"
"Pale-capped Pigeon","Columba punicea"
"Abbott's Babbler","Turdinus abbotti"
"Rufous-bellied Eagle","Lophotriorchis kienerii"
"Pied Avocet","Recurvirostra avosetta"
"Eurasian Oystercatcher","Haematopus ostralegus"
"Lesser Black-backed Gull","Larus fuscus"
"Pied Thrush","Geokichla wardii"
"Indian Skimmer","Rynchops albicollis"
"Brown Wood-Owl","Strix leptogrammica"
"Rusty-tailed Flycatcher","Ficedula ruficauda"
"Southern Hill Myna","Gracula indica"
"Lesser Adjutant","Leptoptilos javanicus"
"Great White Pelican","Pelecanus onocrotalus"
"Red-headed Bunting","Emberiza bruniceps"
"Fulvous Whistling-Duck","Dendrocygna bicolor"
"Great Bittern","Botaurus stellaris"
"Demoiselle Crane","Anthropoides virgo"
"Laggar Falcon","Falco jugger"
"Lesser Kestrel","Falco naumanni"
"Painted Francolin","Francolinus pictus"
"Short-eared Owl","Asio flammeus"
"Gray-throated Martin","Riparia chinensis"
"Isabelline Wheatear","Oenanthe isabellina"
"Greater Short-toed Lark","Calandrella brachydactyla"
"Black-winged Cuckooshrike","Lalage melaschistos"
"Eurasian Griffon","Gyps fulvus"
"Lesser Flamingo","Phoeniconaias minor"
"Bridled Tern","Onychoprion anaethetus"
"Siberian Rubythroat","Calliope calliope"
"Common Ringed Plover","Charadrius hiaticula"
"Asian Dowitcher","Limnodromus semipalmatus"
"Water Rail","Rallus aquaticus"
"Slender-billed Gull","Chroicocephalus genei"
"Lesser Noddy","Anous tenuirostris"
"Sarus Crane","Antigone antigone"
"Great Crested Grebe","Podiceps cristatus"
"Golden-spectacled Warbler","Phylloscopus burkii"
"Bank Myna","Acridotheres ginginianus"
"Brown Noddy","Anous stolidus"
"Thick-billed Pigeon","Treron curvirostra"
"Plaintive Cuckoo","Cacomantis merulinus"
"Bank Swallow","Riparia riparia"
"Eurasian Tree Sparrow","Passer montanus"
"Gray-hooded Warbler","Phylloscopus xanthoschistos"
"Little Bunting","Emberiza pusilla"
"Silver-eared Mesia","Leiothrix argentauris"
"Striated Yuhina","Yuhina castaniceps"
"Yellow-bellied Fairy-Fantail","Chelidorhynx hypoxanthus"
"Asian Barred Owlet","Glaucidium cuculoides"
"Ashy-throated Warbler","Phylloscopus maculipennis"
"Beautiful Sibia","Heterophasia pulchella"
"Black-eared Shrike-Babbler","Pteruthius melanotis"
"Brownish-flanked Bush Warbler","Horornis fortipes"
"Black-headed Shrike-Babbler","Pteruthius rufiventer"
"Black-browed Tit","Aegithalos iouschistos"
"Black-headed Greenfinch","Chloris ambigua"
"Black Bulbul","Hypsipetes leucocephalus"
"Black-chinned Yuhina","Yuhina nigrimenta"
"Blue-fronted Redstart","Phoenicurus frontalis"
"Blue-throated Barbet","Psilopogon asiaticus"
"Black-throated Sunbird","Aethopyga saturata"
"Blue Whistling-Thrush","Myophonus caeruleus"
"Blyth's Shrike-Babbler","Pteruthius aeralatus"
"Sikkim Treecreeper","Certhia discolor"
"Chestnut-bellied Rock-Thrush","Monticola rufiventris"
"Chestnut-crowned Warbler","Phylloscopus castaniceps"
"Chestnut-eared Bunting","Emberiza fucata"
"Coal Tit","Periparus ater"
"Himalayan Buzzard","Buteo refectus"
"Crested Bunting","Emberiza lathami"
"Dark-breasted Rosefinch","Procarduelis nipalensis"
"Daurian Redstart","Phoenicurus auroreus"
"Hodgson's Treecreeper","Certhia hodgsoni"
"Fire-breasted Flowerpecker","Dicaeum ignipectus"
"Flavescent Bulbul","Pycnonotus flavescens"
"Greater Necklaced Laughingthrush","Ianthocincla pectoralis"
"Golden Bush-Robin","Tarsiger chrysaeus"
"Godlewski's Bunting","Emberiza godlewskii"
"Golden Babbler","Cyanoderma chrysaeum"
"Golden-throated Barbet","Psilopogon franklinii"
"Green-backed Tit","Parus monticolus"
"Great Barbet","Psilopogon virens"
"Common Green-Magpie","Cissa chinensis"
"Green Shrike-Babbler","Pteruthius xanthochlorus"
"Green-tailed Sunbird","Aethopyga nipalensis"
"Gray Bushchat","Saxicola ferreus"
"Gray-backed Shrike","Lanius tephronotus"
"Gray-chinned Minivet","Pericrocotus solaris"
"Gray-cheeked Warbler","Phylloscopus poliogenys"
"Gray-capped Woodpecker","Yungipicus canicapillus"
"Gray-sided Bush Warbler","Cettia brunnifrons"
"Gray-throated Babbler","Stachyris nigriceps"
"Hodgson's Redstart","Phoenicurus hodgsoni"
"House Swift","Apus nipalensis"
"Large Niltava","Niltava grandis"
"Long-billed Thrush","Zoothera monticola"
"Long-tailed Thrush","Zoothera dixoni"
"Maroon Oriole","Oriolus traillii"
"Mountain Bulbul","Ixos mcclellandii"
"Mountain Hawk-Eagle","Nisaetus nipalensis"
"Nepal Fulvetta","Alcippe nipalensis"
"Orange-bellied Leafbird","Chloropsis hardwickii"
"Pale-rumped Warbler","Phylloscopus chloronotus"
"Plumbeous Redstart","Phoenicurus fuliginosus"
"Rufous-breasted Bush-Robin","Tarsiger hyperythrus"
"Red-billed Leiothrix","Leiothrix lutea"
"Red-faced Liocichla","Liocichla phoenicea"
"Red-headed Trogon","Harpactes erythrocephalus"
"Rufous-breasted Accentor","Prunella strophiata"
"Rufous-backed Sibia","Minla annectens"
"Rufous-capped Babbler","Cyanoderma ruficeps"
"Rusty-fronted Barwing","Actinodura egertoni"
"Rufous-gorgeted Flycatcher","Ficedula strophiata"
"Rufous-winged Fulvetta","Schoeniparus castaneceps"
"Slender-billed Scimitar-Babbler","Pomatorhinus superciliaris"
"Short-billed Minivet","Pericrocotus brevirostris"
"Slaty-backed Forktail","Enicurus schistaceus"
"Spot-breasted Parrotbill","Paradoxornis guttaticollis"
"Spotted Forktail","Enicurus maculatus"
"Striated Prinia","Prinia crinigera"
"Streaked Spiderhunter","Arachnothera magna"
"White-browed Scimitar-Babbler","Pomatorhinus schisticeps"
"White-browed Fulvetta","Fulvetta vinipectus"
"White-crested Laughingthrush","Garrulax leucolophus"
"White-capped Redstart","Phoenicurus leucocephalus"
"Whiskered Yuhina","Yuhina flavicollis"
"White-naped Yuhina","Yuhina bakeri"
"White-throated Bulbul","Alophoixus flaveolus"
"White-tailed Nuthatch","Sitta himalayensis"
"Great Myna","Acridotheres grandis"
"Yellow-cheeked Tit","Machlolophus spilonotus"
"Ashy Bulbul","Hemixos flavala"
"Bar-tailed Treecreeper","Certhia himalayana"
"Black-faced Warbler","Abroscopus schisticeps"
"Black-throated Tit","Aegithalos concinnus"
"Blue-winged Laughingthrush","Trochalopteron squamatum"
"Blue-winged Minla","Actinodura cyanouroptera"
"Blyth's Leaf Warbler","Phylloscopus reguloides"
"Brown Bullfinch","Pyrrhula nipalensis"
"Chestnut-crowned Laughingthrush","Trochalopteron erythrocephalum"
"Chestnut-headed Tesia","Cettia castaneocoronata"
"Chestnut-tailed Minla","Actinodura strigula"
"Chestnut-vented Nuthatch","Sitta nagaensis"
"Collared Owlet","Glaucidium brodiei"
"Himalayan Cutia","Cutia nipalensis"
"Eurasian Jay","Garrulus glandarius"
"Gould's Sunbird","Aethopyga gouldiae"
"Gray-bellied Tesia","Tesia cyaniventer"
"Gray-crowned Warbler","Phylloscopus tephrocephalus"
"Hill Partridge","Arborophila torqueola"
"Himalayan Griffon","Gyps himalayensis"
"Himalayan Monal","Lophophorus impejanus"
"Himalayan Swiftlet","Aerodramus brevirostris"
"Koklass Pheasant","Pucrasia macrolopha"
"Plain Flowerpecker","Dicaeum minullum"
"Pygmy Flycatcher","Ficedula hodgsoni"
"Pygmy Cupwing","Pnoepyga pusilla"
"Rufous-bellied Niltava","Niltava sundara"
"Russet Bush Warbler","Locustella mandelli"
"Rufous-bellied Woodpecker","Dendrocopos hyperythrus"
"Rufous-headed Parrotbill","Psittiparus bakeri"
"Russet Sparrow","Passer cinnamomeus"
"Rufous-vented Yuhina","Yuhina occipitalis"
"Sapphire Flycatcher","Ficedula sapphira"
"Streak-breasted Scimitar-Babbler","Pomatorhinus ruficollis"
"Scaly-breasted Cupwing","Pnoepyga albiventer"
"Slaty-backed Flycatcher","Ficedula sordida"
"Slaty-blue Flycatcher","Ficedula tricolor"
"Small Niltava","Niltava macgrigoriae"
"Snowy-browed Flycatcher","Ficedula hyperythra"
"Spot-winged Grosbeak","Mycerobas melanozanthos"
"Ward's Trogon","Harpactes wardi"
"White-browed Bush-Robin","Tarsiger indicus"
"Wedge-tailed Pigeon","Treron sphenurus"
"White-bellied Erpornis","Erpornis zantholeuca"
"White-collared Blackbird","Turdus albocinctus"
"Whistler's Warbler","Phylloscopus whistleri"
"Yellow-browed Tit","Sylviparus modestus"
"Yellow-vented Warbler","Phylloscopus cantator"
"Yunnan Nuthatch","Sitta yunnanensis"
"Darjeeling Woodpecker","Dendrocopos darjellensis"
"Dark-sided Flycatcher","Muscicapa sibirica"
"Ferruginous Flycatcher","Muscicapa ferruginea"
"Yellow-billed Blue-Magpie","Urocissa flavirostris"
"Gray-winged Blackbird","Turdus boulboul"
"Hill Prinia","Prinia superciliaris"
"Lesser Coucal","Centropus bengalensis"
"Lesser Cuckoo","Cuculus poliocephalus"
"Long-tailed Minivet","Pericrocotus ethologus"
"Mountain Tailorbird","Phyllergates cucullatus"
"Red-tailed Minla","Minla ignotincta"
"Goldcrest","Regulus regulus"
"Gray-headed Bullfinch","Pyrrhula erythaca"
"Himalayan Bluetail","Tarsiger rufilatus"
"Hen Harrier","Circus cyaneus"
"Striated Bulbul","Pycnonotus striatus"
"Striated Laughingthrush","Grammatoptila striata"
"Bay Woodpecker","Blythipicus pyrrhotis"
"Collared Scops-Owl","Otus lettia"
"Eyebrowed Wren-Babbler","Napothera epilepidota"
"Gray Peacock-Pheasant","Polyplectron bicalcaratum"
"Gray-sided Laughingthrush","Ianthocincla caerulata"
"Himalayan Owl","Strix nivicolum"
"Lesser Shortwing","Brachypteryx leucophris"
"Mountain Scops-Owl","Otus spilocephalus"
"Pale Blue Flycatcher","Cyornis unicolor"
"Rosy Pipit","Anthus roseatus"
"Spotted Elachura","Elachura formosa"
"Sultan Tit","Melanochlora sultanea"
"White-browed Piculet","Sasia ochracea"
"White-gorgeted Flycatcher","Anthipes monileger"
"Aberrant Bush Warbler","Horornis flavolivaceus"
"Coral-billed Scimitar-Babbler","Pomatorhinus ferruginosus"
"Chevron-breasted Babbler","Stachyris roberti"
"Black-throated Thrush","Turdus atrogularis"
"Golden Eagle","Aquila chrysaetos"
"Red-throated Thrush","Turdus ruficollis"
"Rufous-faced Warbler","Abroscopus albogularis"
"Rufous-necked Hornbill","Aceros nipalensis"
"Striated Swallow","Cecropis striolata"
"Stripe-throated Yuhina","Yuhina gularis"
"White-backed Thrush","Turdus kessleri"
"White-spectacled Warbler","Phylloscopus intermedius"
"Yellow-bellied Warbler","Abroscopus superciliaris"
"Yellow-throated Fulvetta","Schoeniparus cinereus"
"Crimson-breasted Woodpecker","Dryobates cathpharius"
"Dark-rumped Rosefinch","Carpodacus edwardsii"
"Wallcreeper","Tichodroma muraria"
"Buff-chested Babbler","Cyanoderma ambiguum"
"Chestnut-bellied Nuthatch","Sitta cinnamoventris"
"Crested Kingfisher","Megaceryle lugubris"
"Desert Wheatear","Oenanthe deserti"
"Eurasian Nutcracker","Nucifraga caryocatactes"
"Fire-tailed Myzornis","Myzornis pyrrhoura"
"Gold-naped Finch","Pyrrhoplectes epauletta"
"Little Forktail","Enicurus scouleri"
"Long-tailed Sibia","Heterophasia picaoides"
"Red Crossbill","Loxia curvirostra"
"Speckled Wood-Pigeon","Columba hodgsonii"
"Vivid Niltava","Niltava vivida"
"Eurasian Wren","Troglodytes troglodytes"
"Hume's Bush Warbler","Horornis brunnescens"
"Yellow-breasted Greenfinch","Chloris spinoides"
"Crimson-browed Finch","Carpodacus subhimachalus"
"Pale-headed Woodpecker","Gecinulus grantia"
"Slaty-bellied Tesia","Tesia olivea"
"Brown Dipper","Cinclus pallasii"
"Nepal House-Martin","Delichon nipalense"
"Northern Goshawk","Accipiter gentilis"
"Scaly Thrush","Zoothera dauma"
"Spot-breasted Laughingthrush","Garrulax merulinus"
"Black-backed Forktail","Enicurus immaculatus"
"Black-faced Laughingthrush","Trochalopteron affine"
"Crested Finchbill","Spizixos canifrons"
"Lesser Racket-tailed Drongo","Dicrurus remifer"
"Masked Finfoot","Heliopais personatus"
"Blue-winged Leafbird","Chloropsis cochinchinensis"
"Lineated Barbet","Psilopogon lineatus"
"Ludlow's Fulvetta","Alcippe ludlowi"
"Scarlet-backed Flowerpecker","Dicaeum cruentatum"
"Striated Grassbird","Megalurus palustris"
"White-crowned Forktail","Enicurus leschenaulti"
"Wreathed Hornbill","Rhyticeros undulatus"
"Black-breasted Thrush","Turdus dissimilis"
"Blossom-headed Parakeet","Psittacula roseata"
"Great Hornbill","Buceros bicornis"
"Lesser Necklaced Laughingthrush","Garrulax monileger"
"Long-tailed Broadbill","Psarisomus dalhousiae"
"Red-billed Blue-Magpie","Urocissa erythroryncha"
"Rufous-necked Laughingthrush","Ianthocincla ruficollis"
"Gray-bellied Wren-Babbler","Spelaeornis reptatus"
"Pied Falconet","Microhierax melanoleucos"
"Pin-tailed Pigeon","Treron apicauda"
"Common Merganser","Mergus merganser"
"Ibisbill","Ibidorhyncha struthersii"
"White-hooded Babbler","Gampsorhynchus rufulus"
"Blue-eared Barbet","Psilopogon duvaucelii"
"Blyth's Kingfisher","Alcedo hercules"
"Broad-billed Warbler","Tickellia hodgsoni"
"Brown Hornbill","Anorrhinus austeni"
"Green Cochoa","Cochoa viridis"
"Lesser Fish-Eagle","Haliaeetus humilis"
"Mountain Imperial-Pigeon","Ducula badia"
"White-bellied Heron","Ardea insignis"
"White-tailed Eagle","Haliaeetus albicilla"
"White-tailed Robin","Myiomela leucura"
"Barred Cuckoo-Dove","Macropygia unchall"
"Pale-billed Parrotbill","Chleuasicus atrosuperciliaris"
"Buff-breasted Babbler","Pellorneum tickelli"
"Chinese Rubythroat","Calliope tschebaiewi"
"Collared Treepie","Dendrocitta frontalis"
"Great Slaty Woodpecker","Mulleripicus pulverulentus"
"Kalij Pheasant","Lophura leucomelanos"
"Ashy-headed Green-Pigeon","Treron phayrei"
"Silver-breasted Broadbill","Serilophus lunatus"
"White-winged Duck","Asarcornis scutulata"
"Golden-crested Myna","Ampeliceps coronatus"
"Hill Blue Flycatcher","Cyornis banyumas"
"Blue-naped Pitta","Hydrornis nipalensis"
"Dark-necked Tailorbird","Orthotomus atrogularis"
"Dark-sided Thrush","Zoothera marginata"
"Spot-throated Babbler","Pellorneum albiventre"
"Beautiful Nuthatch","Sitta formosa"
"Chestnut-capped Babbler","Timalia pileata"
"Oriental Pied-Hornbill","Anthracoceros albirostris"
"Red-billed Scimitar-Babbler","Pomatorhinus ochraceiceps"
"Rusty-bellied Shortwing","Brachypteryx hyperythra"
"Rufous-throated Fulvetta","Schoeniparus rufogularis"
"Rufous-throated Partridge","Arborophila rufogularis"
"Snowy-throated Babbler","Stachyris oglei"
"Solitary Snipe","Gallinago solitaria"
"Spot-winged Starling","Saroglossa spilopterus"
"Streaked Wren-Babbler","Turdinus brevicaudatus"
"White-cheeked Partridge","Arborophila atrogularis"
"Ashy Wood-Pigeon","Columba pulchricollis"
"Gray-headed Parrotbill","Psittiparus gularis"
"Oriental Hobby","Falco severus"
"Rufous-vented Laughingthrush","Ianthocincla gularis"
"Slender-billed Vulture","Gyps tenuirostris"
"Streak-throated Barwing","Actinodura waldeni"
"White-browed Shortwing","Brachypteryx montana"
"Black-throated Parrotbill","Suthora nipalensis"
"Rufescent Prinia","Prinia rufescens"
"Chestnut-backed Laughingthrush","Ianthocincla nuchalis"
"Large Scimitar-Babbler","Megapomatorhinus hypoleucos"
"Purple Cochoa","Cochoa purpurea"
"Yellow-bellied Prinia","Prinia flaviventris"
"Northern Lapwing","Vanellus vanellus"
"Black Francolin","Francolinus francolinus"
"Crow-billed Drongo","Dicrurus annectens"
"Yellow-vented Flowerpecker","Dicaeum chrysorrheum"
"Hodgson's Frogmouth","Batrachostomus hodgsoni"
"Tibetan Serin","Spinus thibetanus"
"Silver-backed Needletail","Hirundapus cochinchinensis"
"Tristram's Bunting","Emberiza tristrami"
"White-tailed Flycatcher","Cyornis concretus"
"Little Pied Flycatcher","Ficedula westermanni"
"Chestnut Thrush","Turdus rubrocanus"
"Oriental Bay-Owl","Phodilus badius"
"Sand Lark","Alaudala raytal"
"Burmese Shrike","Lanius collurioides"
"Gray-headed Parakeet","Psittacula finschii"
"Chinese Thrush","Otocichla mupinensis"
"Long-billed Plover","Charadrius placidus"
"Black-necked Stork","Ephippiorhynchus asiaticus"
"Blyth's Tragopan","Tragopan blythii"
"Buff-barred Warbler","Phylloscopus pulcher"
"Mountain Bamboo-Partridge","Bambusicola fytchii"
"Scarlet Finch","Carpodacus sipahi"
"Bengal Bushlark","Mirafra assamica"
"Common Buzzard","Buteo buteo"
"Striated Babbler","Turdoides earlei"
"Asian House-Martin","Delichon dasypus"
"Golden-headed Cisticola","Cisticola exilis"
"Striped Laughingthrush","Trochalopteron virgatum"
"Himalayan Flameback","Dinopium shorii"
"Blue-fronted Robin","Cinclidium frontale"
"Bhutan Laughingthrush","Trochalopteron imbricatum"
"Golden-breasted Fulvetta","Lioparus chrysotis"
"Rufous-chinned Laughingthrush","Ianthocincla rufogularis"
"Black-throated Prinia","Prinia atrogularis"
"Tawny Fish-Owl","Ketupa flavipes"
"Fire-tailed Sunbird","Aethopyga ignicauda"
"White-throated Laughingthrush","Ianthocincla albogularis"
"Gray-headed Fish-Eagle","Haliaeetus ichthyaetus"
"Long-billed Wren-Babbler","Napothera malacoptila"
"Long-tailed Duck","Clangula hyemalis"
"Bengal Florican","Houbaropsis bengalensis"
"Black-breasted Parrotbill","Paradoxornis flavirostris"
"Jerdon's Babbler","Chrysomma altirostre"
"Mallard","Anas platyrhynchos"
"Swamp Francolin","Francolinus gularis"
"Swamp Prinia","Laticilla cinerascens"
"Marsh Babbler","Pellorneum palustre"
"Indian Grassbird","Graminicola bengalensis"
"Chestnut Munia","Lonchura atricapilla"
"Graceful Prinia","Prinia gracilis"
"Black-necked Crane","Grus nigricollis"
"Scaly Laughingthrush","Trochalopteron subunicolor"
"Rufous-throated Wren-Babbler","Spelaeornis caudatus"
"Black-tailed Crake","Zapornia bicolor"
"Red-headed Bullfinch","Pyrrhula erythrocephala"
"Himalayan Beautiful Rosefinch","Carpodacus pulcherrimus"
"Rusty-throated Wren-Babbler","Spelaeornis badeigularis"
"Streak-throated Fulvetta","Fulvetta manipurensis"
"Alpine Accentor","Prunella collaris"
"Brown Parrotbill","Cholornis unicolor"
"Chestnut-breasted Partridge","Arborophila mandellii"
"Spotted Laughingthrush","Ianthocincla ocellata"
"Yellow-bellied Flowerpecker","Dicaeum melanoxanthum"
"Australasian Grass-Owl","Tyto longimembris"
"Bar-winged Wren-Babbler","Spelaeornis troglodytoides"
"Chestnut-crowned Bush Warbler","Cettia major"
"Fulvous Parrotbill","Suthora fulvifrons"
"Graylag Goose","Anser anser"
"Gray-crested Tit","Lophophanes dichrous"
"Maroon-backed Accentor","Prunella immaculata"
"Red-headed Vulture","Sarcogyps calvus"
"Rusty-flanked Treecreeper","Certhia nipalensis"
"Rufous-vented Tit","Periparus rubidiventris"
"Gould's Shortwing","Brachypteryx stellata"
"Plain Mountain-Finch","Leucosticte nemoricola"
"Yellow-rumped Honeyguide","Indicator xanthonotus"
"Black-faced Bunting","Emberiza spodocephala"
"Chestnut Bunting","Emberiza rutila"
"Large Blue Flycatcher","Cyornis magnirostris"
"Dark-rumped Swift","Apus acuticauda"
"Sclater's Monal","Lophophorus sclateri"
"Chinese White-browed Rosefinch","Carpodacus dubius"
"Spot-breasted Scimitar-Babbler","Megapomatorhinus mcclellandi"
"Baikal Bush Warbler","Locustella davidi"
"Long-eared Owl","Asio otus"
"Gray-sided Thrush","Turdus feae"
"Dusky Thrush","Turdus eunomus"
"Eastern Marsh-Harrier","Circus spilonotus"
"Blood Pheasant","Ithaginis cruentus"
"Chestnut-flanked White-eye","Zosterops erythropleurus"
"Spotted Bush Warbler","Locustella thoracica"
"Blue-breasted Quail","Synoicus chinensis"
"Eurasian Crag-Martin","Ptyonoprogne rupestris"
"Rusty-capped Fulvetta","Schoeniparus dubius"
"White-breasted Parrotbill","Psittiparus ruficeps"
"Rufous Sibia","Heterophasia capistrata"
"Crested Tit-Warbler","Leptopoecile elegans"
"Hoary-throated Barwing","Actinodura nipalensis"
"Rusty-cheeked Scimitar-Babbler","Megapomatorhinus erythrogenys"
"Satyr Tragopan","Tragopan satyra"
"Snow Pigeon","Columba leuconota"
"Himalayan White-browed Rosefinch","Carpodacus thura"
"White-throated Dipper","Cinclus cinclus"
"White-throated Redstart","Phoenicurus schisticeps"
"Himalayan Accentor","Prunella himalayana"
"Upland Buzzard","Buteo hemilasius"
"Collared Grosbeak","Mycerobas affinis"
"Himalayan Bulbul","Pycnonotus leucogenys"
"White-winged Grosbeak","Mycerobas carnipes"
"Tibetan Blackbird","Turdus maximus"
"Bearded Vulture","Gypaetus barbatus"
"Red-billed Chough","Pyrrhocorax pyrrhocorax"
"Alpine Thrush","Zoothera mollissima"
"Elliot's Laughingthrush","Trochalopteron elliotii"
"European Starling","Sturnus vulgaris"
"Great Eared-Nightjar","Lyncornis macrotis"
"White-cheeked Starling","Spodiopsar cineraceus"
"Pallas's Fish-Eagle","Haliaeetus leucoryphus"
"Grandala","Grandala coelicolor"
"Fire-capped Tit","Cephalopyrus flammiceps"
"Temminck's Tragopan","Tragopan temminckii"
"Bugun Liocichla","Liocichla bugunorum"
"Blackish-breasted Babbler","Stachyris humei"
"Blanford's Rosefinch","Agraphospiza rubescens"
"Snow Partridge","Lerwa lerwa"
"Great Parrotbill","Conostoma aemodium"
"Black-headed Mountain-Finch","Leucosticte brandti"
"Eurasian Siskin","Spinus spinus"
"Northern Wheatear","Oenanthe oenanthe"
"Red-fronted Rosefinch","Carpodacus puniceus"
"Slender-billed Oriole","Oriolus tenuirostris"
"Himalayan Thrush","Zoothera salimalii"
"White-bellied Redstart","Luscinia phaenicuroides"
"Brown Bush Warbler","Locustella luteoventris"
"White-winged Redstart","Phoenicurus erythrogastrus"
"Little Owl","Athene noctua"
"Buff-throated Warbler","Phylloscopus subaffinis"
"White-browed Tit-Warbler","Leptopoecile sophiae"
"Yellow-billed Chough","Pyrrhocorax graculus"
"Naumann's Thrush","Turdus naumanni"
"Collared Falconet","Microhierax caerulescens"
"Slender-billed Babbler","Turdoides longirostris"
"Greater Adjutant","Leptoptilos dubius"
"Smoky Warbler","Phylloscopus fuligiventer"
"White-throated Bushchat","Saxicola insignis"
"Bristled Grassbird","Chaetornis striata"
"Cinereous Vulture","Aegypius monachus"
"Common Shelduck","Tadorna tadorna"
"Blunt-winged Warbler","Acrocephalus concinens"
"Brown-cheeked Rail","Rallus indicus"
"Hume's Lark","Calandrella acutirostris"
"Pacific Swift","Apus pacificus"
"Japanese Bush Warbler","Horornis diphone"
"Blue Pitta","Hydrornis cyaneus"
"Gray Sibia","Heterophasia gracilis"
"Black-headed Bulbul","Brachypodius atriceps"
"Common Crane","Grus grus"
"Imperial Eagle","Aquila heliaca"
"White-tailed Stonechat","Saxicola leucurus"
"Baer's Pochard","Aythya baeri"
"Falcated Duck","Mareca falcata"
"Marbled Teal","Marmaronetta angustirostris"
"Red Knot","Calidris canutus"
"Jerdon's Bushchat","Saxicola jerdoni"
"Smew","Mergellus albellus"
"Eastern Spot-billed Duck","Anas zonorhyncha"
"Dusky Eagle-Owl","Bubo coromandus"
"Greater Scaup","Aythya marila"
"Greater White-fronted Goose","Anser albifrons"
"Pale Sand Martin","Riparia diluta"
"Spotted Crake","Porzana porzana"
"Long-billed Dowitcher","Limnodromus scolopaceus"
"Eared Grebe","Podiceps nigricollis"
"Water Pipit","Anthus spinoletta"
"Cachar Bulbul","Iole cacharensis"
"Van Hasselt's Sunbird","Leptocoma brasiliana"
"Asian Stubtail","Urosphena squameiceps"
"Baikal Teal","Sibirionetta formosa"
"Red-flanked Bluetail","Tarsiger cyanurus"
"Assam Laughingthrush","Trochalopteron chrysopterum"
"Arctic Loon","Gavia arctica"
"Chinese Bush Warbler","Locustella tacsanowskia"
"Two-barred Warbler","Phylloscopus plumbeitarsus"
"Lesser White-fronted Goose","Anser erythropus"
"American Pipit","Anthus rubescens"
"Taiga Bean-Goose","Anser fabalis"
"White-browed Crake","Amaurornis cinerea"
"Indian Chat","Cercomela fusca"
"Japanese Quail","Coturnix japonica"
"Little Bittern","Ixobrychus minutus"
"Crested Lark","Galerida cristata"
"Pink-headed Duck","Rhodonessa caryophyllacea"
"Isabelline Shrike","Lanius isabellinus"
"White-eared Night-Heron","Gorsachius magnificus"
"White-tailed Lapwing","Vanellus leucurus"
"Slaty-headed Parakeet","Psittacula himalayana"
"Desert Whitethroat","Sylvia minula"
"Sind Sparrow","Passer pyrrhonotus"
"Chestnut-breasted Bunting","Emberiza stewarti"
"Variable Wheatear","Oenanthe picata"
"Blue-capped Redstart","Phoenicurus coeruleocephala"
"White-bellied Woodpecker","Dryocopus javensis"
"White-bellied Minivet","Pericrocotus erythropygius"
"Common House-Martin","Delichon urbicum"
"Singing Bushlark","Mirafra cantillans"
"Dalmatian Pelican","Pelecanus crispus"
"Red-necked Phalarope","Phalaropus lobatus"
"Blue-cheeked Bee-eater","Merops persicus"
"Mew Gull","Larus canus"
"White-eared Bulbul","Pycnonotus leucotis"
"Spanish Sparrow","Passer hispaniolensis"
"Greater Whitethroat","Sylvia communis"
"Brooks's Leaf Warbler","Phylloscopus subviridis"
"Moustached Warbler","Acrocephalus melanopogon"
"Eurasian Skylark","Alauda arvensis"
"White-browed Bushchat","Saxicola macrorhynchus"
"Pallid Scops-Owl","Otus brucei"
"Red-tailed Shrike","Lanius phoenicuroides"
"Pin-tailed Sandgrouse","Pterocles alchata"
"Vigors's Sunbird","Aethopyga vigorsii"
"Malabar Lark","Galerida malabarica"
"Indian Swiftlet","Aerodramus unicolor"
"Malabar Woodshrike","Tephrodornis sylvicola"
"White-bellied Blue Flycatcher","Cyornis pallidipes"
"Flame-throated Bulbul","Rubigula gularis"
"Crimson-backed Sunbird","Leptocoma minima"
"Malabar Gray Hornbill","Ocyceros griseus"
"Malabar Starling","Sturnia blythii"
"Nilgiri Flowerpecker","Dicaeum concolor"
"Orange Minivet","Pericrocotus flammeus"
"Dark-fronted Babbler","Rhopocichla atriceps"
"Nilgiri Wood-Pigeon","Columba elphinstonii"
"Brown Booby","Sula leucogaster"
"Gray-headed Bulbul","Brachypodius priocephalus"
"Buff-breasted Sandpiper","Calidris subruficollis"
"Sri Lanka Frogmouth","Batrachostomus moniliger"
"Common Swift","Apus apus"
"Pied Wheatear","Oenanthe pleschanka"
"White-cheeked Tern","Sterna repressa"
"Parasitic Jaeger","Stercorarius parasiticus"
"Pomarine Jaeger","Stercorarius pomarinus"
"Square-tailed Bulbul","Hypsipetes ganeesa"
"Black-legged Kittiwake","Rissa tridactyla"
"Malabar Barbet","Psilopogon malabaricus"
"Sooty Gull","Ichthyaetus hemprichii"
"Malabar Parakeet","Psittacula columboides"
"Wilson's Storm-Petrel","Oceanites oceanicus"
"Franklin's Gull","Leucophaeus pipixcan"
"Common Flameback","Dinopium javanense"
"Persian Shearwater","Puffinus persicus"
"Rufous Babbler","Turdoides subrufa"
"Bimaculated Lark","Melanocorypha bimaculata"
"Flesh-footed Shearwater","Ardenna carneipes"
"Swinhoe's Storm-Petrel","Oceanodroma monorhis"
"Legge's Hawk-Eagle","Nisaetus kelaarti"
"Red-billed Tropicbird","Phaethon aethereus"
"Sri Lanka Bay-Owl","Phodilus assimilis"
"Himalayan Black-lored Tit","Machlolophus xanthogenys"
"White-bellied Treepie","Dendrocitta leucogastra"
"Wynaad Laughingthrush","Ianthocincla delesserti"
"Spotted Flycatcher","Muscicapa striata"
"Collared Pratincole","Glareola pratincola"
"Black Tern","Chlidonias niger"
"Striolated Bunting","Emberiza striolata"
"Caspian Gull","Larus cachinnans"
"Red-backed Shrike","Lanius collurio"
"Sykes's Nightjar","Caprimulgus mahrattensis"
"Short-tailed Shearwater","Ardenna tenuirostris"
"Cream-colored Courser","Cursorius cursor"
"Asian Desert Warbler","Sylvia nana"
"Little Crake","Zapornia parva"
"Eurasian Scops-Owl","Otus scops"
"Rufous-tailed Scrub-Robin","Cercotrichas galactotes"
"Macqueen's Bustard","Chlamydotis macqueenii"
"Red-tailed Wheatear","Oenanthe xanthoprymna"
"Rufous-tailed Rock-Thrush","Monticola saxatilis"
"Forest Owlet","Athene blewitti"
"Large-billed Reed Warbler","Acrocephalus orinus"
"Common Redstart","Phoenicurus phoenicurus"
"Saunders's Tern","Sternula saundersi"
"Hypocolius","Hypocolius ampelinus"
"Namaqua Dove","Oena capensis"
"Tundra Swan","Cygnus columbianus"
"European Golden-Plover","Pluvialis apricaria"
"Greater Hoopoe-Lark","Alaemon alaudipes"
"Merlin","Falco columbarius"
"Pale Rockfinch","Carpospiza brachydactyla"
"Trumpeter Finch","Bucanetes githagineus"
"Desert Lark","Ammomanes deserti"
"Eurasian Nightjar","Caprimulgus europaeus"
"Spotted Sandgrouse","Pterocles senegallus"
"Black-crowned Sparrow-Lark","Eremopterix nigriceps"
"Red-necked Grebe","Podiceps grisegena"
"Jouanin's Petrel","Bulweria fallax"
"Kashmir Flycatcher","Ficedula subrubra"
"Tropical Shearwater","Puffinus bailloni"
"Masked Shrike","Lanius nubicus"
"Black-throated Accentor","Prunella atrogularis"
"Brown-fronted Woodpecker","Dendrocoptes auriceps"
"Rock Bunting","Emberiza cia"
"Black-chinned Babbler","Cyanoderma pyrrhops"
"Streaked Laughingthrush","Trochalopteron lineatum"
"Black-headed Jay","Garrulus lanceolatus"
"Himalayan Woodpecker","Dendrocopos himalayensis"
"Fire-fronted Serin","Serinus pusillus"
"Horned Lark","Eremophila alpestris"
"Scaly-bellied Woodpecker","Picus squamatus"
"Black-breasted Tit","Periparus rufonuchalis"
"Variegated Laughingthrush","Trochalopteron variegatum"
"Black-and-yellow Grosbeak","Mycerobas icterioides"
"Pink-browed Rosefinch","Carpodacus rodochroa"
"Himalayan Shrike-Babbler","Pteruthius ripleyi"
"Cheer Pheasant","Catreus wallichii"
"European Goldfinch","Carduelis carduelis"
"Mistle Thrush","Turdus viscivorus"
"Upland Pipit","Anthus sylvanus"
"White-cheeked Nuthatch","Sitta leucopsis"
"Chukar","Alectoris chukar"
"Common Wood-Pigeon","Columba palumbus"
"Common Raven","Corvus corax"
"Hill Pigeon","Columba rupestris"
"Himalayan Rubythroat","Calliope pectoralis"
"Orange Bullfinch","Pyrrhula aurantiaca"
"White-throated Tit","Aegithalos niveogularis"
"Pine Bunting","Emberiza leucocephalos"
"Eurasian Linnet","Linaria cannabina"
"Common Chaffinch","Fringilla coelebs"
"Himalayan Snowcock","Tetraogallus himalayensis"
"Immaculate Cupwing","Pnoepyga immaculata"
"Little Gull","Hydrocoloeus minutus"
"Brambling","Fringilla montifringilla"
"Spectacled Finch","Callacanthis burtoni"
"Whooper Swan","Cygnus cygnus"
"Yellowhammer","Emberiza citrinella"
"Red-breasted Goose","Branta ruficollis"
"Mountain Chiffchaff","Phylloscopus sindianus"
"Cetti's Warbler","Cettia cetti"
"White-crowned Penduline-Tit","Remiz coronatus"
"Blyth's Rosefinch","Carpodacus grandis"
"Robin Accentor","Prunella rubeculoides"
"Brown Accentor","Prunella fulvescens"
"Western Tragopan","Tragopan melanocephalus"
"Great Rosefinch","Carpodacus rubicilla"
"Twite","Linaria flavirostris"
"Black-winged Snowfinch","Montifringilla adamsi"
"West Himalayan Bush Warbler","Locustella kashmirensis"
"Boreal Owl","Aegolius funereus"
"Tibetan Sandgrouse","Syrrhaptes tibetanus"
"Vinaceous Rosefinch","Carpodacus vinaceus"
"Rufous-backed Redstart","Phoenicurus erythronotus"
"Bohemian Waxwing","Bombycilla garrulus"
"Corn Crake","Crex crex"
"Kashmir Nutcracker","Nucifraga multipunctata"
"Tawny Owl","Strix aluco"
"Lesser Short-toed Lark","Alaudala rufescens"
"Song Thrush","Turdus philomelos"
"Sociable Lapwing","Vanellus gregarius"
"Reed Bunting","Emberiza schoeniclus"
"Horned Grebe","Podiceps auritus"
"Carrion Crow","Corvus corone"
"Eurasian Jackdaw","Corvus monedula"
"Kashmir Nuthatch","Sitta cashmirensis"
"Little Bustard","Tetrax tetrax"
"Eurasian Magpie","Pica pica"
"Eurasian Eagle-Owl","Bubo bubo"
"Hawfinch","Coccothraustes coccothraustes"
"Rook","Corvus frugilegus"
"Rufous-vented Prinia","Laticilla burnesii"
"Barred Warbler","Sylvia nisoria"
"Hooded Crow","Corvus cornix"
"Hume's Wheatear","Oenanthe albonigra"
"Rock Sparrow","Petronia petronia"
"Ortolan Bunting","Emberiza hortulana"
"Sharp-tailed Sandpiper","Calidris acuminata"
"Red-footed Falcon","Falco vespertinus"
"White-cheeked Tit","Aegithalos leucogenys"
"Mute Swan","Cygnus olor"
"Azure Tit","Cyanistes cyanus"
"Mongolian Finch","Bucanetes mongolicus"
"Crimson-winged Finch","Rhodopechys sanguineus"
"Desert Finch","Rhodospiza obsoleta"
"Arctic Tern","Sterna paradisaea"
"Ground Tit","Pseudopodoces humilis"
"Tibetan Partridge","Perdix hodgsoniae"
"Long-billed Bush Warbler","Locustella major"
"Streaked Rosefinch","Carpodacus rubicilloides"
"Blanford's Snowfinch","Montifringilla blanfordi"
"Sillem's Rosefinch","Carpodacus sillemi"
"Eurasian Golden Oriole","Oriolus oriolus"
"Great Reed Warbler","Acrocephalus arundinaceus"
"Garden Warbler","Sylvia borin"
"Sedge Warbler","Acrocephalus schoenobaenus"
"European Turtle-Dove","Streptopelia turtur"
"Lesser Gray Shrike","Lanius minor"
"Tibetan Lark","Melanocorypha maxima"
"Tibetan Snowcock","Tetraogallus tibetanus"
"White-rumped Snowfinch","Montifringilla taczanowskii"
"Wood Warbler","Phylloscopus sibilatrix"
"Pale Rosefinch","Carpodacus stoliczkae"
"Painted Bush-Quail","Perdicula erythrorhyncha"
"Great Snipe","Gallinago media"
"Brown-rumped Minivet","Pericrocotus cantonensis"
"Yellow-rumped Flycatcher","Ficedula zanthopygia"
"Hill Swallow","Hirundo domicola"
"Nilgiri Flycatcher","Eumyias albicaudatus"
"Black-and-orange Flycatcher","Ficedula nigrorufa"
"Broad-tailed Grassbird","Schoenicola platyurus"
"Nilgiri Thrush","Zoothera neilgherriensis"
"Nilgiri Sholakili","Sholicola major"
"Christmas Island Frigatebird","Fregata andrewsi"
"Rock Eagle-Owl","Bubo bengalensis"
"White-faced Storm-Petrel","Pelagodroma marina"
"South Polar Skua","Stercorarius maccormicki"
"Long-tailed Jaeger","Stercorarius longicaudus"
"Blue-and-white Flycatcher","Cyanoptila cyanomelana"
"White-eyed Gull","Ichthyaetus leucophthalmus"
"Great Frigatebird","Fregata minor"
"Brown Skua","Stercorarius antarcticus"
"White-tailed Tropicbird","Phaethon lepturus"
"Red-footed Booby","Sula sula"
"Palani Laughingthrush","Montecincla fairbanki"
"Nilgiri Pipit","Anthus nilghiriensis"
"White-bellied Sholakili","Sholicola albiventris"
"Ashambu Laughingthrush","Montecincla meridionalis"
"Wedge-tailed Shearwater","Ardenna pacifica"
"Banasura Laughingthrush","Montecincla jerdoni"
"Streaked Shearwater","Calonectris leucomelas"
"Swinhoe's Snipe","Gallinago megala"
"Blue-throated Bee-eater","Merops viridis"
"Cory's Shearwater","Calonectris diomedea"
"Nilgiri Laughingthrush","Montecincla cachinnans"
"Sabine's Gull","Xema sabini"
"White Tern","Gygis alba"
"Black-bellied Storm-Petrel","Fregetta tropica"
"Barau's Petrel","Pterodroma baraui"
"Red Phalarope","Phalaropus fulicarius"
"Siberian Blue Robin","Larvivora cyane"
"Woodchat Shrike","Lanius senator"
"Red-throated Loon","Gavia stellata"
"Red-breasted Merganser","Mergus serrator"
"Chinese Leaf Warbler","Phylloscopus yunnanensis"
"Tawny-breasted Wren-Babbler","Spelaeornis longicaudatus"
"Clicking Shrike-Babbler","Pteruthius intermedius"
"Collared Myna","Acridotheres albocinctus"
"Yellow-throated Laughingthrush","Ianthocincla galbana"
"White-browed Laughingthrush","Ianthocincla sannio"
"Chinese Francolin","Francolinus pintadeanus"
"Claudia's Leaf Warbler","Phylloscopus claudiae"
"Stripe-breasted Woodpecker","Dendrocopos atratus"
"Brown-capped Laughingthrush","Trochalopteron austeni"
"Manipur Bush-Quail","Perdicula manipurensis"
"Green Peafowl","Pavo muticus"
"Moustached Laughingthrush","Ianthocincla cineracea"
"Chin Hills Wren-Babbler","Spelaeornis oatesi"
"Chinese Babax","Ianthocincla lanceolata"
"Great Spotted Woodpecker","Dendrocopos major"
"Long-tailed Wren-Babbler","Spelaeornis chocolatinus"
"Hume's Treecreeper","Certhia manipurensis"
"Hume's Pheasant","Syrmaticus humiae"
"Brown-winged Kingfisher","Pelargopsis amauroptera"
"Mangrove Pitta","Pitta megarhyncha"
"Herring Gull","Larus argentatus"
"Pale-backed Pigeon","Columba eversmanni"
"White-headed Duck","Oxyura leucocephala"
"Tundra Bean-Goose","Anser serrirostris"
"Pallas's Sandgrouse","Syrrhaptes paradoxus"
"Black-bellied Sandgrouse","Pterocles orientalis"
"Plain Leaf Warbler","Phylloscopus neglectus"
"Siberian Crane","Leucogeranus leucogeranus"
"Pied Crow","Corvus albus"
"Sind Woodpecker","Dendrocopos assimilis"
"Finsch's Wheatear","Oenanthe finschii"
"Rufous-necked Snowfinch","Montifringilla ruficollis"
"Rufous-backed Dwarf-Kingfisher","Ceyx rufidorsa"
"Gray-tailed Tattler","Tringa brevipes"
"Red Kite","Milvus milvus"
"Spot-winged Rosefinch","Carpodacus rodopeplus"
"Himalayan Quail","Ophrysia superciliosa"
"Common Goldeneye","Bucephala clangula"
"Gray-crowned Prinia","Prinia cinereocapilla"
"Fieldfare","Turdus pilaris"
"Pink-rumped Rosefinch","Carpodacus waltoni"
"Firethroat","Calliope pectardens"
"Buffy Fish-Owl","Ketupa ketupu"
"Goliath Heron","Ardea goliath"
"Spoon-billed Sandpiper","Calidris pygmea"
"Yellow-browed Bunting","Emberiza chrysophrys"
"Indian Bustard","Ardeotis nigriceps"
"Lesser Florican","Sypheotides indicus"
"Yellow Weaver","Ploceus megarhynchus"
"Saker Falcon","Falco cherrug"
"Yellow-breasted Bunting","Emberiza aureola"
"Derbyan Parakeet","Psittacula derbiana"
"Green Avadavat","Sporaeginthus formosus"
