CATEGORY,COMMON.NAME,SCIENTIFIC.NAME,SUBSPECIES.COMMON.NAME,SUBSPECIES.SCIENTIFIC.NAME
spuh,accentor sp.,Prunella sp.,NA,NA
spuh,Accipiter sp.,Accipiter sp.,NA,NA
spuh,Acrocephalus sp.,Acrocephalus sp.,NA,NA
spuh,Aethopyga sp.,Aethopyga sp.,NA,NA
slash,Alexandrine/Rose-ringed Parakeet,Psittacula eupatria/krameri,NA,NA
slash,Alpine/Himalayan Thrush,Zoothera mollissima/salimalii,NA,NA
spuh,Ammomanes sp.,Ammomanes sp.,NA,NA
spuh,Anser sp.,Anser sp.,NA,NA
spuh,Apus sp.,Apus sp.,NA,NA
spuh,Aquila sp.,Aquila sp.,NA,NA
spuh,Arborophila sp.,Arborophila sp.,NA,NA
spuh,Ardea sp.,Ardea sp.,NA,NA
issf,Ashy Bulbul,Hemixos flavala,Ashy Bulbul (Ashy),Hemixos flavala [flavala Group]
issf,Ashy Drongo,Dicrurus leucophaeus,Ashy Drongo (Blackish),Dicrurus leucophaeus [longicaudatus Group]
slash,Ashy/Brown-rumped Minivet,Pericrocotus divaricatus/cantonensis,NA,NA
spuh,asian barbet sp.,Megalaimidae sp.,NA,NA
slash,Asian Barred/Jungle Owlet,Glaucidium cuculoides/radiatum,NA,NA
issf,Asian Fairy-bluebird,Irena puella,Asian Fairy-bluebird (Asian),Irena puella [puella Group]
issf,Asian Pied Starling,Gracupica contra,Asian Pied Starling (Asian),Gracupica contra [contra Group]
spuh,Aythya sp.,Aythya sp.,NA,NA
slash,Baikal/Spotted Bush Warbler,Locustella davidi/thoracica,NA,NA
issf,Baillon's Crake,Zapornia pusilla,Baillon's Crake (Eastern),Zapornia pusilla pusilla
slash,Bank Swallow/Pale Sand Martin,Riparia riparia/diluta,NA,NA
issf,Bar-tailed Godwit,Limosa lapponica,Bar-tailed Godwit (European),Limosa lapponica lapponica
issf,Barn Owl,Tyto alba,Barn Owl (Eurasian),Tyto alba [alba Group]
issf,Barn Swallow,Hirundo rustica,Barn Swallow (Buff-bellied),Hirundo rustica gutturalis/mandschurica
issf,Barn Swallow,Hirundo rustica,Barn Swallow (White-bellied),Hirundo rustica rustica
issf,Bearded Vulture,Gypaetus barbatus,Bearded Vulture (Eurasian),Gypaetus barbatus barbatus
spuh,bee-eater sp.,Merops sp.,NA,NA
spuh,bird sp.,Aves sp.,NA,NA
spuh,Black-bellied Plover/golden-plover sp.,Pluvialis sp.,NA,NA
slash,Black-bellied/River Tern,Sterna acuticauda/aurantia,NA,NA
issf,Black-browed Tit,Aegithalos iouschistos,Black-browed Tit (Black-browed),Aegithalos iouschistos bonvaloti/obscuratus
issf,Black-browed Tit,Aegithalos iouschistos,Black-browed Tit (Rufous-fronted),Aegithalos iouschistos iouschistos
issf,Black-crowned Night-Heron,Nycticorax nycticorax,Black-crowned Night-Heron (Eurasian),Nycticorax nycticorax nycticorax
slash,Black-headed/Brown-headed Gull,Chroicocephalus ridibundus/brunnicephalus,NA,NA
slash,Black-headed/Red-headed Bunting,Emberiza melanocephala/bruniceps,NA,NA
issf,Black-naped Oriole,Oriolus chinensis,Black-naped Oriole (East Asian),Oriolus chinensis diffusus
issf,Black-rumped Flameback,Dinopium benghalense,Black-rumped Flameback (Black-rumped),Dinopium benghalense [benghalense Group]
issf,Black-tailed Godwit,Limosa limosa,Black-tailed Godwit (limosa),Limosa limosa limosa
issf,Black-throated Parrotbill,Suthora nipalensis,Black-throated Parrotbill (Black-throated),Suthora nipalensis nipalensis/crocotius
issf,Black-throated Prinia,Prinia atrogularis,Black-throated Prinia (Black-throated),Prinia atrogularis atrogularis
issf,Black-throated Tit,Aegithalos concinnus,Black-throated Tit (Red-headed),Aegithalos concinnus iredalei
issf,Black-winged Kite,Elanus caeruleus,Black-winged Kite (Asian),Elanus caeruleus [vociferus Group]
issf,Black Bulbul,Hypsipetes leucocephalus,Black Bulbul (leucocephalus Group),Hypsipetes leucocephalus [leucocephalus Group]
issf,Black Kite,Milvus migrans,Black Kite (Black),Milvus migrans [migrans Group]
issf,Black Kite,Milvus migrans,Black Kite (Black-eared),Milvus migrans lineatus/formosanus
issf,Black Redstart,Phoenicurus ochruros,Black Redstart (Eastern),Phoenicurus ochruros [ochruros Group]
slash,Black/Ashy Drongo,Dicrurus macrocercus/leucophaeus,NA,NA
slash,Blue-cheeked/Blue-tailed Bee-eater,Merops persicus/philippinus,NA,NA
issf,Blue-throated Barbet,Psilopogon asiaticus,Blue-throated Barbet (Red-crowned),Psilopogon asiaticus asiaticus
slash,Blue-throated/Tickell's Blue Flycatcher,Cyornis rubeculoides/tickelliae,NA,NA
spuh,blue flycatcher sp.,Cyornis sp.,NA,NA
issf,Blue Rock-Thrush,Monticola solitarius,Blue Rock-Thrush (pandoo),Monticola solitarius pandoo
issf,Blue Rock-Thrush,Monticola solitarius,Blue Rock-Thrush (madoci),Monticola solitarius madoci
issf,Blue Rock-Thrush,Monticola solitarius,Blue Rock-Thrush (solitarius/longirostris),Monticola solitarius solitarius/longirostris
issf,Blue Whistling-Thrush,Myophonus caeruleus,Blue Whistling-Thrush (Yellow-billed),Myophonus caeruleus [flavirostris Group]
issf,Bluethroat,Luscinia svecica,Bluethroat (Red-spotted),Luscinia svecica [svecica Group]
issf,Blyth's Paradise-Flycatcher,Terpsiphone affinis,Blyth's Paradise-Flycatcher (Blyth's),Terpsiphone affinis [affinis Group]
issf,Blyth's Shrike-Babbler,Pteruthius aeralatus,Blyth's Shrike-Babbler (Chestnut-winged),Pteruthius aeralatus validirostris
slash,Blyth's/Indian Paradise-Flycatcher,Terpsiphone affinis/paradisi,NA,NA
slash,Booted/Sykes's Warbler,Iduna caligata/rama,NA,NA
spuh,Brachypodius/Rubigula/Pycnonotus sp.,Brachypodius/Rubigula/Pycnonotus sp.,NA,NA
spuh,Brachypteryx sp.,Brachypteryx sp.,NA,NA
spuh,Bradypterus sp.,Bradypterus sp.,NA,NA
slash,Brown-capped/Gray-capped Woodpecker,Yungipicus nanus/canicapillus,NA,NA
issf,Brown Fish-Owl,Ketupa zeylonensis,Brown Fish-Owl (Eastern),Ketupa zeylonensis [zeylonensis Group]
issf,Brown Shrike,Lanius cristatus,Brown Shrike (Philippine),Lanius cristatus lucionensis
issf,Brown Shrike,Lanius cristatus,Brown Shrike (Japanese),Lanius cristatus superciliosus
issf,Brown Shrike,Lanius cristatus,Brown Shrike (Brown),Lanius cristatus cristatus/confusus
issf,Brownish-flanked Bush Warbler,Horornis fortipes,Brownish-flanked Bush Warbler (Brownish-flanked),Horornis fortipes [fortipes Group]
domestic,Budgerigar (Domestic type),Melopsittacus undulatus (Domestic type),NA,NA
spuh,bush warbler sp.,Horornis sp.,NA,NA
spuh,Buteo sp.,Buteo sp.,NA,NA
spuh,Buteo/eagle sp.,Buteo/eagle sp.,NA,NA
spuh,buttonquail sp.,Turnix sp.,NA,NA
spuh,Cacomantis sp.,Cacomantis sp.,NA,NA
spuh,Calandrella sp.,Calandrella sp.,NA,NA
spuh,Calidris sp.,Calidris sp.,NA,NA
spuh,Caprimulgus sp.,Caprimulgus sp.,NA,NA
issf,Cattle Egret,Bubulcus ibis,Cattle Egret (Eastern),Bubulcus ibis coromandus
spuh,Cettia sp.,Cettia sp.,NA,NA
issf,Chestnut-bellied Sandgrouse,Pterocles exustus,Chestnut-bellied Sandgrouse (Asian),Pterocles exustus hindustan
spuh,Chlidonias sp.,Chlidonias sp.,NA,NA
spuh,Ciconia sp.,Ciconia sp.,NA,NA
spuh,Cinnyris sp.,Cinnyris sp.,NA,NA
spuh,cisticola sp.,Cisticola sp.,NA,NA
issf,Citrine Wagtail,Motacilla citreola,Citrine Wagtail (Black-backed),Motacilla citreola calcarata
issf,Citrine Wagtail,Motacilla citreola,Citrine Wagtail (Gray-backed),Motacilla citreola citreola/werae
issf,Clamorous Reed Warbler,Acrocephalus stentoreus,Clamorous Reed Warbler (Clamorous),Acrocephalus stentoreus stentoreus/levantinus
slash,Clanga/Aquila sp.,Clanga/Aquila sp.,NA,NA
issf,Coal Tit,Periparus ater,Coal Tit (Himalayan),Periparus ater aemodius/rufipectus
issf,Collared Kingfisher,Todiramphus chloris,Collared Kingfisher (Oriental),Todiramphus chloris [humii Group]
slash,Collared/Oriental Pratincole,Glareola pratincola/maldivarum,NA,NA
spuh,Columba sp.,Columba sp.,NA,NA
issf,Common Buzzard,Buteo buteo,Common Buzzard (Steppe),Buteo buteo vulpinus/menetriesi
issf,Common Chiffchaff,Phylloscopus collybita,Common Chiffchaff (Siberian),Phylloscopus collybita tristis
issf,Common Green-Magpie,Cissa chinensis,Common Green-Magpie (Common),Cissa chinensis [chinensis Group]
issf,Common Kingfisher,Alcedo atthis,Common Kingfisher (Common),Alcedo atthis [atthis Group]
issf,Common Merganser,Mergus merganser,Common Merganser (Eurasian),Mergus merganser merganser/orientalis
issf,Common Tern,Sterna hirundo,Common Tern (hirundo/tibetana),Sterna hirundo hirundo/tibetana
slash,Common/Himalayan Buzzard,Buteo buteo/refectus,NA,NA
slash,Common/Himalayan/Eastern Buzzard,Buteo buteo/refectus/japonicus,NA,NA
slash,Common/Jungle Myna,Acridotheres tristis/fuscus,NA,NA
slash,Common/Long-legged Buzzard,Buteo buteo/rufinus,NA,NA
slash,Common/Pin-tailed Snipe,Gallinago gallinago/stenura,NA,NA
slash,Common/Rain Quail,Coturnix coturnix/coromandelica,NA,NA
spuh,coot sp.,Fulica sp.,NA,NA
spuh,Coracina sp.,Coracina sp.,NA,NA
spuh,cormorant sp.,Phalacrocoracidae sp.,NA,NA
spuh,coucal sp.,Centropus sp.,NA,NA
spuh,crane sp.,Gruidae sp.,NA,NA
issf,Crested Serpent-Eagle,Spilornis cheela,Crested Serpent-Eagle (Crested),Spilornis cheela [cheela Group]
slash,Crested Sparrowhawk/Besra,Accipiter trivirgatus/virgatus,NA,NA
issf,Crimson Sunbird,Aethopyga siparaja,Crimson Sunbird (Crimson),Aethopyga siparaja [siparaja Group]
spuh,crow sp.,Corvus sp. (crow sp.),NA,NA
spuh,cuckoo sp. (Cuculidae sp.),Cuculidae sp.,NA,NA
spuh,cuckooshrike sp.,Campephagidae sp.,NA,NA
spuh,Cuculus sp.,Cuculus sp.,NA,NA
spuh,cupwing sp.,Pnoepyga sp.,NA,NA
slash,Curlew Sandpiper/Dunlin,Calidris ferruginea/alpina,NA,NA
spuh,dabbling duck sp.,Anatidae sp. (dabbling duck sp.),NA,NA
spuh,dark swiftlet sp.,Aerodramus sp.,NA,NA
spuh,Dendrocopos sp.,Dendrocopos sp.,NA,NA
spuh,Dicaeum sp.,Dicaeum sp.,NA,NA
spuh,diurnal raptor sp.,Accipitriformes/Falconiformes sp.,NA,NA
domestic,Domestic goose sp. (Domestic type),Anser sp. (Domestic type),NA,NA
spuh,drongo sp.,Dicrurus sp.,NA,NA
spuh,duck sp.,Anatinae sp.,NA,NA
issf,Dunlin,Calidris alpina,Dunlin (alpina),Calidris alpina alpina
slash,Dusky/Naumann's Thrush,Turdus eunomus/naumanni,NA,NA
slash,Dusky/Smoky Warbler,Phylloscopus fuscatus/fuligiventer,NA,NA
spuh,eagle sp.,Accipitridae sp. (eagle sp.),NA,NA
issf,Eastern Marsh-Harrier,Circus spilonotus,Eastern Marsh-Harrier (Eastern),Circus spilonotus spilonotus
issf,Eastern Yellow Wagtail,Motacilla tschutschensis,Eastern Yellow Wagtail (Green-headed),Motacilla tschutschensis taivana
issf,Eastern Yellow Wagtail,Motacilla tschutschensis,Eastern Yellow Wagtail (Eastern),Motacilla tschutschensis tschutschensis/plexa
spuh,Emberiza sp.,Emberiza sp.,NA,NA
spuh,estrildid finch sp.,Estrildidae sp.,NA,NA
issf,Eurasian Collared-Dove,Streptopelia decaocto,Eurasian Collared-Dove (Eurasian),Streptopelia decaocto decaocto
slash,Eurasian Crag-Martin/Rock Martin,Ptyonoprogne rupestris/fuligula,NA,NA
issf,Eurasian Hoopoe,Upupa epops,Eurasian Hoopoe (Eurasian),Upupa epops [epops Group]
issf,Eurasian Kestrel,Falco tinnunculus,Eurasian Kestrel (Eurasian),Falco tinnunculus [tinnunculus Group]
issf,Eurasian Nutcracker,Nucifraga caryocatactes,Eurasian Nutcracker (Southern),Nucifraga caryocatactes [hemispila Group]
issf,Eurasian Wren,Troglodytes troglodytes,Eurasian Wren (Eurasian),Troglodytes troglodytes [troglodytes Group]
spuh,falcon sp.,Falco sp.,NA,NA
spuh,fantail sp.,Rhipidura sp.,NA,NA
hybrid,Ferruginous Duck x Baer's Pochard (hybrid),Aythya nyroca x baeri,NA,NA
slash,Ferruginous Duck/Baer's Pochard,Aythya nyroca/baeri,NA,NA
spuh,Ficedula sp.,Ficedula sp.,NA,NA
spuh,finch sp.,Fringillidae sp.,NA,NA
issf,Fire-breasted Flowerpecker,Dicaeum ignipectus,Fire-breasted Flowerpecker (Fire-breasted),Dicaeum ignipectus [ignipectus Group]
spuh,flameback sp.,Dinopium sp.,NA,NA
spuh,flamingo sp.,Phoenicopteridae sp.,NA,NA
spuh,flowerpecker sp.,Prionochilus/Dicaeum sp.,NA,NA
spuh,fork-tailed swift sp.,Apus pacificus/salimalii/leuconyx/cooki,NA,NA
slash,Fork-tailed/Square-tailed Drongo-Cuckoo,Surniculus dicruroides/lugubris,NA,NA
spuh,forktail sp.,Enicurus sp.,NA,NA
spuh,francolin sp.,Pternistis/Francolinus/Peliperdix/Scleroptila sp.,NA,NA
spuh,frigatebird sp.,Fregata sp.,NA,NA
spuh,Fulvetta sp.,Fulvetta sp.,NA,NA
issf,Gadwall,Mareca strepera,Gadwall (Common),Mareca strepera strepera
hybrid,Gadwall x Eurasian Wigeon (hybrid),Mareca strepera x penelope,NA,NA
slash,Garganey/Green-winged Teal,Spatula querquedula/Anas crecca,NA,NA
spuh,Garrulax sp.,Garrulax sp.,NA,NA
spuh,Glaucidium sp.,Glaucidium sp.,NA,NA
issf,Godlewski's Bunting,Emberiza godlewskii,Godlewski's Bunting (yunnanensis/khamensis),Emberiza godlewskii yunnanensis/khamensis
spuh,godwit sp.,Limosa sp.,NA,NA
spuh,golden-plover sp.,Pluvialis apricaria/dominica/fulva,NA,NA
slash,Golden-spectacled/Whistler's Warbler,Phylloscopus burkii/whistleri,NA,NA
issf,Golden-throated Barbet,Psilopogon franklinii,Golden-throated Barbet (White-eared),Psilopogon franklinii franklinii/ramsayi
spuh,goose sp.,Anser/Branta sp.,NA,NA
issf,Gould's Sunbird,Aethopyga gouldiae,Gould's Sunbird (Yellow-breasted),Aethopyga gouldiae gouldiae/isolata
slash,Gray-bellied/Slaty-bellied Tesia,Tesia cyaniventer/olivea,NA,NA
slash,Gray-crowned/Whistler's Warbler,Phylloscopus tephrocephalus/whistleri,NA,NA
issf,Gray-headed Woodpecker,Picus canus,Gray-headed Woodpecker (Black-naped),Picus canus [guerini Group]
slash,Gray-throated Martin/Bank Swallow,Riparia chinensis/riparia,NA,NA
issf,Gray Heron,Ardea cinerea,Gray Heron (Gray),Ardea cinerea cinerea/jouyi
slash,Gray/Purple Heron,Ardea cinerea/purpurea,NA,NA
issf,Graylag Goose,Anser anser,Graylag Goose (Siberian),Anser anser rubrirostris
domestic,Graylag Goose (Domestic type),Anser anser (Domestic type),NA,NA
hybrid,Graylag x Swan Goose (Domestic type) (hybrid),Anser anser x cygnoides (Domestic type),NA,NA
issf,Great Cormorant,Phalacrocorax carbo,Great Cormorant (Eurasian),Phalacrocorax carbo sinensis/hanedae
issf,Great Egret,Ardea alba,Great Egret (Eurasian),Ardea alba alba
issf,Great Gray Shrike,Lanius excubitor,Great Gray Shrike (Indian),Lanius excubitor lahtora
slash,Great/Intermediate Egret,Ardea alba/intermedia,NA,NA
slash,Great/Oriental/Clamorous Reed Warbler,Acrocephalus arundinaceus/orientalis/stentoreus,NA,NA
issf,Greater Coucal,Centropus sinensis,Greater Coucal (Southern),Centropus sinensis parroti
issf,Greater Coucal,Centropus sinensis,Greater Coucal (Greater),Centropus sinensis [sinensis Group]
issf,Greater Flameback,Chrysocolaptes guttacristatus,Greater Flameback (Greater),Chrysocolaptes guttacristatus [guttacristatus Group]
slash,Greater Short-toed/Hume's Lark,Calandrella brachydactyla/acutirostris,NA,NA
slash,Greater/Lesser Coucal,Centropus sinensis/bengalensis,NA,NA
slash,Greater/Sykes's Short-toed Lark,Calandrella brachydactyla/dukhunensis,NA,NA
spuh,grebe sp.,Podicipedidae sp.,NA,NA
issf,Green-tailed Sunbird,Aethopyga nipalensis,Green-tailed Sunbird (Green-tailed),Aethopyga nipalensis [nipalensis Group]
issf,Green-winged Teal,Anas crecca,Green-winged Teal (Eurasian),Anas crecca crecca/nimia
issf,Green Bee-eater,Merops orientalis,Green Bee-eater (Russet-crowned),Merops orientalis [orientalis Group]
issf,Green Imperial-Pigeon,Ducula aenea,Green Imperial-Pigeon (Green),Ducula aenea [aenea Group]
slash,Green/Greenish Warbler,Phylloscopus nitidus/trochiloides,NA,NA
issf,Greenish Warbler,Phylloscopus trochiloides,Greenish Warbler (viridanus),Phylloscopus trochiloides viridanus
issf,Greenish Warbler,Phylloscopus trochiloides,Greenish Warbler (trochiloides/ludlowi),Phylloscopus trochiloides trochiloides/ludlowi
issf,Gull-billed Tern,Gelochelidon nilotica,Gull-billed Tern (Gull-billed),Gelochelidon nilotica [nilotica Group]
spuh,gull sp.,Larinae sp.,NA,NA
spuh,gull/tern sp.,Laridae sp.,NA,NA
spuh,Gyps sp.,Gyps sp.,NA,NA
issf,Hair-crested Drongo,Dicrurus hottentottus,Hair-crested Drongo (Hair-crested),Dicrurus hottentottus hottentottus/brevirostris
spuh,harrier sp.,Circus sp.,NA,NA
spuh,hawk-cuckoo sp.,Hierococcyx sp.,NA,NA
spuh,hawk sp.,Accipitridae sp. (hawk sp.),NA,NA
domestic,Helmeted Guineafowl (Domestic type),Numida meleagris (Domestic type),NA,NA
spuh,heron sp.,Ardeidae sp.,NA,NA
issf,Herring Gull,Larus argentatus,Herring Gull (Mongolian),Larus argentatus mongolicus
issf,Himalayan Swiftlet,Aerodramus brevirostris,Himalayan Swiftlet (Himalayan),Aerodramus brevirostris brevirostris/innominatus
slash,Himalayan/Chinese Rubythroat (White-tailed Rubythroat),Calliope pectoralis/tschebaiewi,NA,NA
slash,Himalayan/Eurasian Griffon,Gyps himalayensis/fulvus,NA,NA
spuh,Hippolais sp.,Hippolais sp.,NA,NA
spuh,Hirundapus sp.,Hirundapus sp.,NA,NA
slash,Hoary-throated/Streak-throated Barwing,Actinodura nipalensis/waldeni,NA,NA
spuh,hornbill sp.,Bucerotidae sp.,NA,NA
issf,Horned Lark,Eremophila alpestris,Horned Lark (Tibetan),Eremophila alpestris [longirostris Group]
spuh,house-martin sp.,Delichon sp.,NA,NA
spuh,ibis sp.,Threskiornithidae sp. (ibis sp.),NA,NA
spuh,Iduna sp.,Iduna sp.,NA,NA
spuh,Iduna/Hippolais/Acrocephalus sp.,Iduna/Hippolais/Acrocephalus sp.,NA,NA
spuh,imperial-pigeon sp.,Ducula sp.,NA,NA
issf,Indian Blackbird,Turdus simillimus,Indian Blackbird (Black-capped),Turdus simillimus nigropileus/spencei
slash,Indian Golden/Black-naped Oriole,Oriolus kundoo/chinensis,NA,NA
domestic,Indian Peafowl (Domestic type),Pavo cristatus (Domestic type),NA,NA
slash,Indian/Chestnut-bellied Nuthatch,Sitta castanea/cinnamoventris,NA,NA
slash,Indian/Eastern Spot-billed Duck,Anas poecilorhyncha/zonorhyncha,NA,NA
slash,Indian/Greater Spotted Eagle,Clanga hastata/clanga,NA,NA
issf,Intermediate Egret,Ardea intermedia,Intermediate Egret (Intermediate),Ardea intermedia intermedia
issf,Isabelline Shrike,Lanius isabellinus,Isabelline Shrike (Daurian),Lanius isabellinus isabellinus
issf,Isabelline Shrike,Lanius isabellinus,Isabelline Shrike (Chinese),Lanius isabellinus arenarius/tsaidamensis
spuh,jacana sp.,Jacanidae sp.,NA,NA
spuh,jaeger/skua sp.,Stercorarius sp.,NA,NA
slash,Jerdon's/Golden-fronted Leafbird,Chloropsis jerdoni/aurifrons,NA,NA
issf,Jungle Babbler,Turdoides striata,Jungle Babbler (Jungle),Turdoides striata [striata Group]
slash,Jungle/Gray Nightjar,Caprimulgus indicus/jotaka,NA,NA
slash,Jungle/Rock Bush-Quail,Perdicula asiatica/argoondah,NA,NA
issf,Kentish Plover,Charadrius alexandrinus,Kentish Plover (Indian),Charadrius alexandrinus seebohmi
issf,Kentish Plover,Charadrius alexandrinus,Kentish Plover (Kentish),Charadrius alexandrinus alexandrinus
spuh,kingfisher sp.,Alcedinidae sp.,NA,NA
spuh,lapwing sp.,Vanellus sp.,NA,NA
issf,Large-billed Crow,Corvus macrorhynchos,Large-billed Crow (Indian Jungle),Corvus macrorhynchos culminatus
issf,Large-billed Crow,Corvus macrorhynchos,Large-billed Crow (Eastern),Corvus macrorhynchos levaillantii
issf,Large-billed Crow,Corvus macrorhynchos,Large-billed Crow (Large-billed),Corvus macrorhynchos [macrorhynchos Group]
issf,Large Cuckooshrike,Coracina macei,Large Cuckooshrike (Indian),Coracina macei macei/layardi
spuh,large falcon sp.,Falco sp. (large falcon sp.),NA,NA
spuh,large shorebird sp.,Scolopacidae sp. (large shorebird sp.),NA,NA
spuh,large swift sp.,Apodidae sp. (large swift sp.),NA,NA
spuh,large tern sp.,Hydroprogne/Thalasseus sp.,NA,NA
slash,Large/Common Woodshrike,Tephrodornis virgatus/pondicerianus,NA,NA
spuh,lark sp.,Alaudidae sp.,NA,NA
spuh,Larus sp.,Larus sp.,NA,NA
spuh,laughingthrush sp.,Garrulax/Ianthocincla/Trochalopteron/Montecincla sp.,NA,NA
spuh,leafbird sp.,Chloropsis sp.,NA,NA
issf,Lesser Black-backed Gull,Larus fuscus,Lesser Black-backed Gull (Heuglin's),Larus fuscus heuglini
issf,Lesser Black-backed Gull,Larus fuscus,Lesser Black-backed Gull (Steppe),Larus fuscus barabensis
issf,Lesser Sand-Plover,Charadrius mongolus,Lesser Sand-Plover (Tibetan),Charadrius mongolus [atrifrons Group]
issf,Lesser Sand-Plover,Charadrius mongolus,Lesser Sand-Plover (Mongolian),Charadrius mongolus mongolus/stegmanni
slash,Lesser/Gray-headed Fish-Eagle,Haliaeetus humilis/ichthyaetus,NA,NA
slash,Lesser/Greater Adjutant,Leptoptilos javanicus/dubius,NA,NA
slash,Lesser/Greater Necklaced Laughingthrush,Garrulax monileger/Ianthocincla pectoralis,NA,NA
slash,Lesser/Greater Sand-Plover,Charadrius mongolus/leschenaultii,NA,NA
slash,Lesser/Greater Spotted Eagle,Clanga pomarina/clanga,NA,NA
slash,Lesser/Greater Yellownape,Picus chlorolophus/Chrysophlegma flavinucha,NA,NA
issf,Little Egret,Egretta garzetta,Little Egret (Western),Egretta garzetta garzetta
slash,Little Egret/Western Reef-Heron,Egretta garzetta/gularis,NA,NA
issf,Little Grebe,Tachybaptus ruficollis,Little Grebe (Little),Tachybaptus ruficollis [ruficollis Group]
issf,Little Ringed Plover,Charadrius dubius,Little Ringed Plover (dubius/jerdoni),Charadrius dubius dubius/jerdoni
issf,Little Swift,Apus affinis,Little Swift (Indian),Apus affinis singalensis
issf,Little Swift,Apus affinis,Little Swift (Little),Apus affinis [affinis Group]
slash,Little/House Swift,Apus affinis/nipalensis,NA,NA
slash,Little/Indian Cormorant,Microcarbo niger/Phalacrocorax fuscicollis,NA,NA
slash,Little/Saunders's Tern,Sternula albifrons/saundersi,NA,NA
spuh,Locustella sp.,Locustella sp.,NA,NA
spuh,Lonchura sp.,Lonchura sp.,NA,NA
issf,Long-billed Pipit,Anthus similis,Long-billed Pipit (Indian),Anthus similis similis/travancoriensis
issf,Long-legged Buzzard,Buteo rufinus,Long-legged Buzzard (Northern),Buteo rufinus rufinus
slash,Long-legged/Upland Buzzard,Buteo rufinus/hemilasius,NA,NA
issf,Long-tailed Shrike,Lanius schach,Long-tailed Shrike (tricolor/longicaudatus),Lanius schach tricolor/longicaudatus
issf,Long-tailed Shrike,Lanius schach,Long-tailed Shrike (erythronotus/caniceps),Lanius schach erythronotus/caniceps
domestic,Mallard (Domestic type),Anas platyrhynchos (Domestic type),NA,NA
issf,Merlin,Falco columbarius,Merlin (Eurasian),Falco columbarius [aesalon Group]
spuh,minivet sp.,Pericrocotus sp.,NA,NA
spuh,Mirafra sp.,Mirafra sp.,NA,NA
spuh,moorhen/coot/gallinule sp.,Gallinula/Fulica/Porphyrio sp.,NA,NA
issf,Mountain Imperial-Pigeon,Ducula badia,Mountain Imperial-Pigeon (badia Group),Ducula badia [badia Group]
spuh,Muscicapa sp.,Muscicapa sp.,NA,NA
spuh,Muscicapid sp.,Muscicapidae sp.,NA,NA
domestic,Muscovy Duck,Cairina moschata,Muscovy Duck (Established Feral),Cairina moschata (Established Feral)
domestic,Muscovy Duck (Domestic type),Cairina moschata (Domestic type),NA,NA
spuh,Mycerobas sp.,Mycerobas sp.,NA,NA
spuh,myna/starling sp.,Sturnidae sp.,NA,NA
spuh,nightjar sp.,Caprimulgidae sp.,NA,NA
spuh,niltava sp.,Niltava sp.,NA,NA
spuh,Nisaetus sp.,Nisaetus sp.,NA,NA
issf,Northern Goshawk,Accipiter gentilis,Northern Goshawk (Eurasian),Accipiter gentilis [gentilis Group]
spuh,nuthatch sp.,Sitta sp.,NA,NA
spuh,Oceanodroma sp.,Oceanodroma sp.,NA,NA
spuh,old world oriole sp.,Oriolus sp.,NA,NA
spuh,old world quail sp.,Synoicus/Coturnix sp.,NA,NA
spuh,old world vulture sp.,Accipitridae sp. (old world vulture sp.),NA,NA
issf,Orange-headed Thrush,Geokichla citrina,Orange-headed Thrush (White-throated),Geokichla citrina cyanota
issf,Orange-headed Thrush,Geokichla citrina,Orange-headed Thrush (Orange-headed),Geokichla citrina [citrina Group]
issf,Oriental Honey-buzzard,Pernis ptilorhynchus,Oriental Honey-buzzard (Northern),Pernis ptilorhynchus orientalis
issf,Oriental Honey-buzzard,Pernis ptilorhynchus,Oriental Honey-buzzard (Indomalayan),Pernis ptilorhynchus [ptilorhynchus Group]
issf,Oriental Magpie-Robin,Copsychus saularis,Oriental Magpie-Robin (Oriental),Copsychus saularis [saularis Group]
issf,Oriental Scops-Owl,Otus sunia,Oriental Scops-Owl (Oriental),Otus sunia [sunia Group]
issf,Osprey,Pandion haliaetus,Osprey (haliaetus),Pandion haliaetus haliaetus
spuh,owl sp.,Strigiformes sp.,NA,NA
slash,Paddyfield/Blyth's Reed Warbler,Acrocephalus agricola/dumetorum,NA,NA
issf,Pale Blue Flycatcher,Cyornis unicolor,Pale Blue Flycatcher (Unicolored),Cyornis unicolor unicolor
slash,Pallid/Montagu's Harrier,Circus macrourus/pygargus,NA,NA
spuh,paradise-flycatcher sp.,Terpsiphone sp.,NA,NA
spuh,parakeet sp.,Psittaciformes sp. (parakeet sp.),NA,NA
spuh,Parid sp.,Paridae sp.,NA,NA
spuh,parrotbill sp.,Paradoxornithidae sp.,NA,NA
spuh,Parus sp.,Parus sp.,NA,NA
spuh,Passer sp.,Passer sp.,NA,NA
spuh,passerine sp.,Passeriformes sp.,NA,NA
spuh,peep sp.,Calidris sp. (peep sp.),NA,NA
spuh,pelican sp.,Pelecanus sp.,NA,NA
spuh,Pellorneidae sp.,Pellorneidae sp.,NA,NA
issf,Peregrine Falcon,Falco peregrinus,Peregrine Falcon (Tundra),Falco peregrinus calidus/tundrius
issf,Peregrine Falcon,Falco peregrinus,Peregrine Falcon (Shaheen),Falco peregrinus peregrinator
issf,Peregrine Falcon,Falco peregrinus,Peregrine Falcon (Red-capped),Falco peregrinus babylonicus
spuh,pheasant sp.,Phasianinae sp.,NA,NA
spuh,Phylloscopus sp.,Phylloscopus sp.,NA,NA
spuh,Phylloscopus sp. (Golden-spectacled Warbler complex),Phylloscopus sp. (burkii complex),NA,NA
spuh,Picus sp.,Picus sp.,NA,NA
spuh,pigeon/dove sp.,Columbidae sp.,NA,NA
issf,Pin-striped Tit-Babbler,Mixornis gularis,Pin-striped Tit-Babbler (Pin-striped),Mixornis gularis [gularis Group]
slash,Pin-tailed/Swinhoe's Snipe,Gallinago stenura/megala,NA,NA
slash,Pink-browed/Himalayan White-browed Rosefinch,Carpodacus rodochroa/thura,NA,NA
spuh,pipit sp.,Anthus sp.,NA,NA
spuh,pitta sp. (genus Erythropitta/Hydrornis/Pitta),Pittidae sp.,NA,NA
spuh,Pitta sp. (genus Pitta),Pitta sp.,NA,NA
slash,Plaintive/Gray-bellied Cuckoo,Cacomantis merulinus/passerinus,NA,NA
spuh,Ploceus sp.,Ploceus sp.,NA,NA
spuh,plover sp.,Charadriidae sp.,NA,NA
slash,Pomarine/Parasitic Jaeger,Stercorarius pomarinus/parasiticus,NA,NA
spuh,Pomatorhinus sp.,Pomatorhinus sp.,NA,NA
spuh,pond-heron sp.,Ardeola sp.,NA,NA
spuh,pratincole sp.,Glareola sp.,NA,NA
spuh,prinia sp.,Prinia sp.,NA,NA
spuh,Psilopogon sp.,Psilopogon sp.,NA,NA
spuh,Psittacula sp.,Psittacula sp.,NA,NA
issf,Purple Heron,Ardea purpurea,Purple Heron (Purple),Ardea purpurea [purpurea Group]
spuh,Pycnonotidae sp.,Pycnonotidae sp.,NA,NA
spuh,Pycnonotus sp.,Pycnonotus sp.,NA,NA
spuh,rail/crake sp.,Rallidae sp. (rail/crake sp.),NA,NA
issf,Red-billed Chough,Pyrrhocorax pyrrhocorax,Red-billed Chough (Red-billed),Pyrrhocorax pyrrhocorax [pyrrhocorax Group]
slash,Red-billed/Yellow-billed Chough,Pyrrhocorax pyrrhocorax/graculus,NA,NA
issf,Red-necked Falcon,Falco chicquera,Red-necked Falcon (Asian),Falco chicquera chicquera
slash,Red-necked/Little Stint,Calidris ruficollis/minuta,NA,NA
slash,Red-necked/Red Phalarope,Phalaropus lobatus/fulicarius,NA,NA
issf,Red-rumped Swallow,Cecropis daurica,Red-rumped Swallow (Red-rumped),Cecropis daurica [daurica Group]
slash,Red-rumped/Striated Swallow,Cecropis daurica/striolata,NA,NA
slash,Red-tailed/Isabelline Shrike,Lanius phoenicuroides/isabellinus,NA,NA
slash,Red-vented/Red-whiskered Bulbul,Pycnonotus cafer/jocosus,NA,NA
issf,Red Crossbill,Loxia curvirostra,Red Crossbill (Himalayan),Loxia curvirostra himalayensis
domestic,Red Junglefowl (Domestic type),Gallus gallus (Domestic type),NA,NA
spuh,redstart sp.,Phoenicurus sp.,NA,NA
slash,Richard's/Blyth's Pipit,Anthus richardi/godlewskii,NA,NA
slash,Richard's/Paddyfield Pipit,Anthus richardi/rufulus,NA,NA
spuh,Riparia sp.,Riparia sp.,NA,NA
spuh,rock-thrush sp.,Monticola sp.,NA,NA
domestic,Rock Pigeon,Columba livia,Rock Pigeon (Feral Pigeon),Columba livia (Feral Pigeon)
form,Rock Pigeon,Columba livia,Rock Pigeon (Wild type),Columba livia (Wild type)
spuh,roller sp.,Coracias sp.,NA,NA
spuh,rosefinch sp.,Carpodacus sp.,NA,NA
spuh,sandgrouse sp.,Pterocles sp.,NA,NA
issf,Sandwich Tern,Thalasseus sandvicensis,Sandwich Tern (Eurasian),Thalasseus sandvicensis sandvicensis
spuh,Saxicola sp.,Saxicola sp.,NA,NA
issf,Scaly-breasted Munia,Lonchura punctulata,Scaly-breasted Munia (Checkered),Lonchura punctulata punctulata
issf,Scaly Thrush,Zoothera dauma,Scaly Thrush (Scaly),Zoothera dauma dauma
issf,Scarlet Minivet,Pericrocotus speciosus,Scarlet Minivet (Scarlet),Pericrocotus speciosus [speciosus Group]
spuh,Schoeniparus sp.,Schoeniparus sp.,NA,NA
spuh,Scolopacidae sp.,Scolopacidae sp.,NA,NA
spuh,scops-owl sp.,Otus sp.,NA,NA
spuh,shearwater sp.,Procellariidae sp. (shearwater sp.),NA,NA
issf,Shikra,Accipiter badius,Shikra (Asian),Accipiter badius [badius Group]
spuh,shorebird sp.,Charadriiformes sp.,NA,NA
issf,Short-eared Owl,Asio flammeus,Short-eared Owl (Northern),Asio flammeus flammeus
spuh,shrike-babbler sp.,Pteruthius sp.,NA,NA
spuh,shrike sp.,Lanius sp.,NA,NA
issf,Siberian Stonechat,Saxicola maurus,Siberian Stonechat (Siberian),Saxicola maurus [maurus Group]
slash,Siberian/White-tailed Stonechat,Saxicola maurus/leucurus,NA,NA
issf,Silver-eared Mesia,Leiothrix argentauris,Silver-eared Mesia (Silver-eared),Leiothrix argentauris [argentauris Group]
slash,Singing/Indian Bushlark,Mirafra cantillans/erythroptera,NA,NA
spuh,skua sp.,Stercorarius sp. (skua sp.),NA,NA
spuh,small bittern sp.,Ixobrychus sp.,NA,NA
spuh,small falcon sp.,Falco sp. (small falcon sp.),NA,NA
spuh,small plover sp.,Charadrius sp.,NA,NA
spuh,small swift sp.,Apodidae sp. (small swift sp.),NA,NA
spuh,snipe sp.,Gallinago sp.,NA,NA
spuh,sparrow sp.,Passerellidae sp. (sparrow sp.),NA,NA
spuh,spiderhunter sp.,Arachnothera sp.,NA,NA
issf,Spotted Dove,Streptopelia chinensis,Spotted Dove (Western),Streptopelia chinensis suratensis
issf,Spotted Dove,Streptopelia chinensis,Spotted Dove (Eastern),Streptopelia chinensis chinensis/tigrina
spuh,Stachyris sp.,Stachyris sp.,NA,NA
spuh,Sterna sp.,Sterna sp.,NA,NA
spuh,stork sp.,Ciconiidae sp.,NA,NA
spuh,storm-petrel sp.,Oceanitidae/Hydrobatidae sp.,NA,NA
slash,Streaked/Bengal Weaver,Ploceus manyar/benghalensis,NA,NA
spuh,Streptopelia sp.,Streptopelia sp.,NA,NA
issf,Striated Heron,Butorides striata,Striated Heron (Old World),Butorides striata [atricapilla Group]
issf,Sultan Tit,Melanochlora sultanea,Sultan Tit (Yellow-crested),Melanochlora sultanea [sultanea Group]
spuh,sunbird sp.,Nectariniidae sp. (sunbird sp.),NA,NA
spuh,swallow sp.,Hirundinidae sp.,NA,NA
domestic,Swan Goose (Domestic type),Anser cygnoides (Domestic type),NA,NA
spuh,swift sp.,Apodidae sp.,NA,NA
spuh,swiftlet sp.,Collocalia/Aerodramus sp.,NA,NA
spuh,Sylvia sp.,Sylvia sp.,NA,NA
slash,Taiga/Red-breasted Flycatcher,Ficedula albicilla/parva,NA,NA
slash,Taiga/Tundra Bean-Goose,Anser fabalis/serrirostris,NA,NA
spuh,tailorbird sp.,Orthotomus sp.,NA,NA
slash,Tawny/Steppe Eagle,Aquila rapax/nipalensis,NA,NA
spuh,teal sp.,Anatidae sp. (teal sp.),NA,NA
spuh,tern sp.,Sterninae sp.,NA,NA
spuh,Tesia sp. (genus Tesia),Tesia sp.,NA,NA
issf,Thick-billed Flowerpecker,Dicaeum agile,Thick-billed Flowerpecker (Indian),Dicaeum agile agile/zeylonicum
slash,Thick-billed/Pale-billed Flowerpecker,Dicaeum agile/erythrorhynchos,NA,NA
spuh,thrush sp.,Turdidae sp.,NA,NA
issf,Tickell's Blue Flycatcher,Cyornis tickelliae,Tickell's Blue Flycatcher (Tickell's),Cyornis tickelliae tickelliae/jerdoni
slash,Tickell's/Alpine Leaf Warbler,Phylloscopus affinis/occisinensis,NA,NA
spuh,Timaliidae sp.,Timaliidae sp.,NA,NA
spuh,Tockus sp.,Tockus sp.,NA,NA
slash,Tree/Olive-backed Pipit,Anthus trivialis/hodgsoni,NA,NA
spuh,treecreeper sp.,Certhia sp.,NA,NA
spuh,treepie sp.,Dendrocitta/Crypsirina/Temnurus sp.,NA,NA
spuh,Treron sp.,Treron sp.,NA,NA
hybrid,Tricolored x Chestnut Munia (hybrid),Lonchura malacca x atricapilla,NA,NA
spuh,Tringa sp.,Tringa sp.,NA,NA
spuh,tropicbird sp.,Phaethon sp.,NA,NA
hybrid,Tufted Duck x Greater Scaup (hybrid),Aythya fuligula x marila,NA,NA
spuh,Turdoides sp.,Turdoides sp.,NA,NA
spuh,Turdus sp.,Turdus sp.,NA,NA
spuh,wagtail sp.,Motacilla sp.,NA,NA
spuh,waterfowl sp.,Anatidae sp.,NA,NA
issf,Western Reef-Heron,Egretta gularis,Western Reef-Heron (Eastern),Egretta gularis schistacea
issf,Western Yellow Wagtail,Motacilla flava,Western Yellow Wagtail (thunbergi),Motacilla flava thunbergi
form,Western Yellow Wagtail,Motacilla flava,Western Yellow Wagtail (flava/beema),Motacilla flava flava/beema
issf,Western Yellow Wagtail,Motacilla flava,Western Yellow Wagtail (feldegg),Motacilla flava feldegg
issf,Western Yellow Wagtail,Motacilla flava,Western Yellow Wagtail (leucocephala),Motacilla flava leucocephala
issf,Western Yellow Wagtail,Motacilla flava,Western Yellow Wagtail (beema),Motacilla flava beema
form,Western Yellow Wagtail,Motacilla flava,Western Yellow Wagtail (lutea/flavissima),Motacilla flava lutea/flavissima
issf,Western Yellow Wagtail,Motacilla flava,Western Yellow Wagtail (lutea),Motacilla flava lutea
intergrade,Western Yellow Wagtail,Motacilla flava,Western Yellow Wagtail (superciliaris-type intergrade),Motacilla flava (superciliaris intergrade)
intergrade,Western Yellow Wagtail,Motacilla flava,Western Yellow Wagtail (xanthophrys-type intergrade),Motacilla flava (xanthophrys intergrade)
form,Western Yellow Wagtail,Motacilla flava,Western Yellow Wagtail (iberiae/cinereocapilla/pygmaea),Motacilla flava [cinereocapilla Group]
slash,Western/Eastern Yellow Wagtail,Motacilla flava/tschutschensis,NA,NA
spuh,wheatear sp.,Oenanthe sp.,NA,NA
issf,Whimbrel,Numenius phaeopus,Whimbrel (European),Numenius phaeopus phaeopus
slash,Whimbrel/Eurasian Curlew,Numenius phaeopus/arquata,NA,NA
spuh,whistling-duck sp.,Dendrocygna sp.,NA,NA
issf,White-bellied Drongo,Dicrurus caerulescens,White-bellied Drongo (White-bellied),Dicrurus caerulescens caerulescens
slash,White-browed/White Wagtail,Motacilla maderaspatensis/alba,NA,NA
issf,White-rumped Shama,Copsychus malabaricus,White-rumped Shama (White-crowned),Copsychus malabaricus stricklandii/barbouri
issf,White-tailed Robin,Myiomela leucura,White-tailed Robin (White-tailed),Myiomela leucura leucura/montium
slash,White-throated/White-browed Fantail,Rhipidura albicollis/aureola,NA,NA
spuh,white egret sp.,Ardea/Egretta/Bubulcus sp.,NA,NA
issf,White Wagtail,Motacilla alba,White Wagtail (Hodgson's),Motacilla alba alboides
issf,White Wagtail,Motacilla alba,White Wagtail (ocularis),Motacilla alba ocularis
issf,White Wagtail,Motacilla alba,White Wagtail (Chinese),Motacilla alba leucopsis
issf,White Wagtail,Motacilla alba,White Wagtail (White-faced),Motacilla alba alba/dukhunensis
issf,White Wagtail,Motacilla alba,White Wagtail (Masked),Motacilla alba personata
issf,White Wagtail,Motacilla alba,White Wagtail (Transbaikalian),Motacilla alba baicalensis
issf,White Wagtail,Motacilla alba,White Wagtail (Black-backed),Motacilla alba lugens
domestic,Wild Turkey (Domestic type),Meleagris gallopavo (Domestic type),NA,NA
spuh,woodpecker sp.,Picidae sp.,NA,NA
issf,Woolly-necked Stork,Ciconia episcopus,Woolly-necked Stork (Asian),Ciconia episcopus episcopus/neglecta
slash,Yellow-bellied/Ashy Prinia,Prinia flaviventris/socialis,NA,NA
slash,Yellow-billed/Red-billed Blue-Magpie,Urocissa flavirostris/erythroryncha,NA,NA
slash,Yellow-browed/Hume's Warbler,Phylloscopus inornatus/humei,NA,NA
slash,Yellow-legged/Caspian Gull,Larus michahellis/cachinnans,NA,NA
hybrid,Yellowhammer x Pine Bunting (hybrid),Emberiza citrinella x leucocephalos,NA,NA
spuh,yuhina sp.,Yuhina sp.,NA,NA
spuh,Zapornia sp.,Zapornia sp.,NA,NA
issf,Zitting Cisticola,Cisticola juncidis,Zitting Cisticola (Zitting),Cisticola juncidis [juncidis Group]
slash,Zitting/Golden-headed Cisticola,Cisticola juncidis/exilis,NA,NA
spuh,Zoothera sp.,Zoothera sp.,NA,NA
